-- phpMyAdmin SQL Dump
-- version 5.2.1
-- https://www.phpmyadmin.net/
--
-- Máy chủ: 127.0.0.1
-- Thời gian đã tạo: Th5 31, 2024 lúc 05:26 AM
-- Phiên bản máy phục vụ: 10.4.32-MariaDB
-- Phiên bản PHP: 8.2.12

SET SQL_MODE = "NO_AUTO_VALUE_ON_ZERO";
START TRANSACTION;
SET time_zone = "+00:00";


/*!40101 SET @OLD_CHARACTER_SET_CLIENT=@@CHARACTER_SET_CLIENT */;
/*!40101 SET @OLD_CHARACTER_SET_RESULTS=@@CHARACTER_SET_RESULTS */;
/*!40101 SET @OLD_COLLATION_CONNECTION=@@COLLATION_CONNECTION */;
/*!40101 SET NAMES utf8mb4 */;

--
-- Cơ sở dữ liệu: `mobilemart`
--

-- --------------------------------------------------------

--
-- Cấu trúc bảng cho bảng `categories`
--

CREATE TABLE `categories` (
  `id` varchar(255) NOT NULL,
  `name` varchar(50) DEFAULT NULL,
  `created_at` datetime DEFAULT current_timestamp()
) ENGINE=InnoDB DEFAULT CHARSET=utf8mb4 COLLATE=utf8mb4_general_ci;

--
-- Đang đổ dữ liệu cho bảng `categories`
--

INSERT INTO `categories` (`id`, `name`, `created_at`) VALUES
('A8eZz97VJ74KlZ5HxcSN6zlf2', 'Samsung', '2024-04-17 14:02:19'),
('g7Ph8CmTazu6vndHbVAuBGMUa', 'Iphone', '2024-04-17 14:01:19'),
('JiAN1SdcMzTsN5xF8XfG4VDG5', 'Xiaomi', '2024-04-17 14:02:31'),
('UFLSG6Jtwrzs1OQMHIOQxPc9M', 'Realme', '2024-04-17 14:03:19');

-- --------------------------------------------------------

--
-- Cấu trúc bảng cho bảng `comments`
--

CREATE TABLE `comments` (
  `id` int(11) NOT NULL,
  `product_id` varchar(255) DEFAULT NULL,
  `content` text DEFAULT NULL,
  `rating` int(1) DEFAULT NULL,
  `name` varchar(50) DEFAULT NULL,
  `phone` varchar(11) DEFAULT NULL,
  `email` varchar(150) DEFAULT NULL,
  `created_at` datetime DEFAULT current_timestamp(),
  `updated_at` datetime DEFAULT NULL
) ENGINE=InnoDB DEFAULT CHARSET=utf8mb4 COLLATE=utf8mb4_general_ci;

--
-- Đang đổ dữ liệu cho bảng `comments`
--

INSERT INTO `comments` (`id`, `product_id`, `content`, `rating`, `name`, `phone`, `email`, `created_at`, `updated_at`) VALUES
(63, '0k831M2Js7S88eTsl6qAFW2Th', '2', 5, '2', '0389389891', 'hung@gmail.com', '2024-05-24 22:44:43', NULL),
(64, '0k831M2Js7S88eTsl6qAFW2Th', '3', 5, '3', '0389389891', 'hung24855@gmail.com', '2024-05-24 22:54:47', NULL),
(65, 'ArpBT15kpSJTsPvhV6KkTm8Ul', 'Xin chào', 5, 'Nghiêm Hồng', '0389389891', 'hung@gmail.com', '2024-05-24 23:03:29', NULL),
(66, 'ArpBT15kpSJTsPvhV6KkTm8Ul', 'Còn hàng không', 4, 'Nghiêm Hồng', '0389389891', 'hung@gmail.com', '2024-05-24 23:04:36', NULL),
(68, 'lrOXK1VnF9gHNlL5uF7El9ec8', '1', 5, '1', '0389389891', 'hung@gmail.com', '2024-05-25 04:59:02', NULL),
(70, 'BwHCT4b6EUEIX4TMgzKFTPuyt', '1', 5, '1', '0389389891', 'hung@gmail.com', '2024-05-25 23:08:11', NULL),
(71, 'nZDTOZvI9VTQiABJTbnvNTMmI', '1', 5, '1', '0389389891', 'hung@gmail.com', '2024-05-25 23:17:17', NULL),
(72, '7X0Jls1txRnQe6CDFJtT5wVOg', '1', 5, '1', '0389389891', 'hung@gmail.com', '2024-05-26 20:09:38', NULL),
(73, 'ngirr1dnEsgZackbrdTCW5kpA', 'Xin chào', 5, 'Nghiêm Hồng', '0389389891', 'hung@gmail.com', '2024-05-28 21:06:26', NULL);

-- --------------------------------------------------------

--
-- Cấu trúc bảng cho bảng `comment_replies`
--

CREATE TABLE `comment_replies` (
  `id` int(11) NOT NULL,
  `comment_id` int(11) DEFAULT NULL,
  `content` text DEFAULT NULL,
  `user_id` varchar(255) NOT NULL,
  `created_at` datetime NOT NULL DEFAULT current_timestamp(),
  `updated_at` int(11) NOT NULL
) ENGINE=InnoDB DEFAULT CHARSET=utf8mb4 COLLATE=utf8mb4_general_ci;

--
-- Đang đổ dữ liệu cho bảng `comment_replies`
--

INSERT INTO `comment_replies` (`id`, `comment_id`, `content`, `user_id`, `created_at`, `updated_at`) VALUES
(21, 72, 'Xin chào', 'RhEizirVS2de5ZAQMqyu5B8A6', '2024-05-26 20:09:46', 0),
(22, 73, 'Chao xìn', 'RhEizirVS2de5ZAQMqyu5B8A6', '2024-05-28 21:06:33', 0);

-- --------------------------------------------------------

--
-- Cấu trúc bảng cho bảng `configuration`
--

CREATE TABLE `configuration` (
  `id` int(11) NOT NULL,
  `product_id` varchar(255) NOT NULL,
  `screen_size` varchar(50) DEFAULT NULL,
  `screen_technology` varchar(50) DEFAULT NULL,
  `before_camera` varchar(50) DEFAULT NULL,
  `after_camera` varchar(50) DEFAULT NULL,
  `chipset` varchar(50) DEFAULT NULL,
  `ram` varchar(20) DEFAULT NULL,
  `storage` varchar(50) DEFAULT NULL,
  `battery` varchar(20) DEFAULT NULL,
  `operating_system` varchar(50) DEFAULT NULL,
  `screen_resolution` varchar(50) DEFAULT NULL
) ENGINE=InnoDB DEFAULT CHARSET=utf8mb4 COLLATE=utf8mb4_general_ci;

--
-- Đang đổ dữ liệu cho bảng `configuration`
--

INSERT INTO `configuration` (`id`, `product_id`, `screen_size`, `screen_technology`, `before_camera`, `after_camera`, `chipset`, `ram`, `storage`, `battery`, `operating_system`, `screen_resolution`) VALUES
(7, 'LLLilzJeEPPppeDfNkP7XiA1e', '6.8 inchs', 'Oled', '32MB', '108MB', 'Snapdragon 8 gen 2', '12GB', '256GB', '4,500mAh', 'Android 13', '2k'),
(8, 'PI4h2PazXVJRPeBSKvGNTaTUf', '6.1 inches', 'Oled', '12MB', '64MB', 'Snapdragon 8 gen 1', '12GB', '256GB', '4,352mAh', 'Android 13', 'Full-HD'),
(9, 'VNHoxg1AS8O8viZN6hxeorUV7', '6.5 Inchs', 'Oled', '12MB', '64MB', 'Snapdragon 690', '8GB', '128GB', '5000mAh', 'Android 13', 'Full-HD'),
(10, '0Lgpy5zx0gTnkCCHTzG09tR4K', '6.5 Inchs', 'LCD', '12MB', '108MB', 'Snapdragon 888', '16GB', '256GB', '5000mAh', 'Android 12', 'Full-HD'),
(11, 'OTcPGzpJX7oLzq2zTxSwHCyzW', '6.5 Inchs', 'Oled', '12MB', '64MB', 'Snapdragon 710', '6GB', '128GB', '4,500mAh', 'Android 13', 'Full-HD'),
(12, 'VJUvmD1DMdlLSXaoFQxrZovLb', '6.7 Inchs', 'Amoled', '12MB', '108MB', 'Snapdragon 8 gen 2', '12GB', '256GB', '5000mAh', 'Android 13', '2k'),
(13, 'Gy0AbTrD12RwVsoIDCGOha69G', '6.5 Inchs', 'Oled', '12MB', '64MB', 'Snapdragon 8 gen 2', '8GB', '128GB', '5000mAh', 'Android 13', 'Full-HD'),
(14, 'ArpBT15kpSJTsPvhV6KkTm8Ul', '7.8 Inchs', 'Amoled', '32MB', '108MB', 'Snapdragon 8+ Gen 2', '16GB', '256GB', '6000mAh', 'Android 13', '2k'),
(15, 'OfwOkNiTgQuDrtMfRgeoWZ5bQ', '6.5 Inchs', 'Oled', '12MB', '64MB', 'Snapdragon 8 gen 2', '8GB', '512GB', '4,500mAh', 'Android 13', 'Full-HD'),
(16, 'lrOXK1VnF9gHNlL5uF7El9ec8', '6.5 Inchs', 'Oled', '12MB', '32MB', 'Snapdragon 7 Gen 1', '8GB', '128GB', '5000mAh', 'Android 12', 'Full-HD'),
(17, 'uiI2NXXBy2yTfJH1T18Tha29O', '6.5 Inchs', 'Oled', '12MB', '64MB', 'Snapdragon 865', '12GB', '256GB', '5000mAh', 'Android 12', 'Full-HD'),
(18, '0MNgB5mkcXLpQALkaWv8MW8SF', '6.5 Inchs', 'Amoled', '12MB', '108MB', 'Apple A18 Bionic', '8GB', '256GB', '4,500mAh', 'IOS', 'Full-HD'),
(19, 'fkbTsWyOEfJyrzWTFmOWyJNEC', '6.5 Inchs', 'Oled', '12MB', '64MB', 'Apple A16 Bionic', '6GB', '128GB', '4,352mAh', 'IOS', 'Full-HD'),
(20, '0k831M2Js7S88eTsl6qAFW2Th', '6.5 Inchs', 'Oled', '20MB', '108MB', 'Apple A16 Bionic', '6GB', '128GB', '3,500mAh', 'IOS', 'Full-HD'),
(21, 'UXwM5POO4Z8tU9Zz4ikkMZyeR', '6.1 inches', 'Oled', '12MB', '64MB', 'Apple A15 Bionic', '6GB', '128GB', '3,500mAh', 'IOS', 'Full-HD'),
(22, 'BwHCT4b6EUEIX4TMgzKFTPuyt', '6.5 Inchs', 'Oled', '12MB', '64MB', 'Apple A16 Bionic', '6GB', '256GB', '3,500mAh', 'IOS', 'Full-HD'),
(23, 'iwzNV5AN7TAJiqDTU9XTQeUzD', '6.7 Inchs', 'Amoled', '32MB', '108MB', 'Snapdragon 8 gen 2', '12GB', '256GB', '5000mAh', 'Android 13', '2k'),
(24, 'ngirr1dnEsgZackbrdTCW5kpA', '6.5 Inchs', 'Oled', '32MB', '108MB', 'Snapdragon 8 gen 1', '12GB', '256GB', '6000mAh', 'Android 12', '2k'),
(25, 'UBg35Uec0lOvV9B1kxegxDTIT', '6.8 inchs', 'Oled', '12MB', '64MB', 'Snapdragon 888', '16GB', '1TB', '5000mAh', 'Android 13', 'Full-HD'),
(26, '7X0Jls1txRnQe6CDFJtT5wVOg', '6.1 inches', 'Oled', '12MB', '32MB', 'Snapdragon 865', '6GB', '64GB', '4,500mAh', 'Android 13', 'Full-HD'),
(27, 'nZDTOZvI9VTQiABJTbnvNTMmI', '6.1 inches', 'Amoled', '12MB', '108MB', 'Snapdragon 8 gen 1', '6GB', '64GB', '5000mAh', 'Android 13', 'Full-HD');

-- --------------------------------------------------------

--
-- Cấu trúc bảng cho bảng `orders`
--

CREATE TABLE `orders` (
  `id` int(10) NOT NULL,
  `name` varchar(50) NOT NULL,
  `phone` varchar(12) NOT NULL,
  `address` varchar(300) NOT NULL,
  `note` text NOT NULL,
  `total_money` int(11) DEFAULT NULL,
  `user_id` varchar(255) NOT NULL,
  `order_status_payment` tinyint(1) DEFAULT 0,
  `order_status_transport` tinyint(1) NOT NULL DEFAULT 0,
  `order_status_cancel` tinyint(1) NOT NULL DEFAULT 0,
  `created_at` datetime DEFAULT current_timestamp(),
  `updated_at` datetime DEFAULT NULL
) ENGINE=InnoDB DEFAULT CHARSET=utf8mb4 COLLATE=utf8mb4_general_ci;

--
-- Đang đổ dữ liệu cho bảng `orders`
--

INSERT INTO `orders` (`id`, `name`, `phone`, `address`, `note`, `total_money`, `user_id`, `order_status_payment`, `order_status_transport`, `order_status_cancel`, `created_at`, `updated_at`) VALUES
(142, 'Quản trị', '0389389891', 'Yên Phong - Bắc Ninh', '', 18990000, 'RhEizirVS2de5ZAQMqyu5B8A6', 0, 0, 0, '2024-05-19 21:20:20', NULL),
(144, 'Quản trị', '0389389891', 'Tỉnh Bình Phước - Huyện Bù Đốp - Xã Hưng Phước', '', 9900000, 'RhEizirVS2de5ZAQMqyu5B8A6', 0, 1, 0, '2024-05-19 21:30:25', NULL),
(146, 'Quản trị', '0389389891', 'Thị Trấn Chờ - Yên Phong - Bắc Ninh', '', 9900000, 'RhEizirVS2de5ZAQMqyu5B8A6', 0, 0, 0, '2024-05-12 21:32:33', NULL),
(147, 'Quản trị', '0389389891', 'Thị Trấn Chờ - Yên Phong - Bắc Ninh', '', 6190000, 'RhEizirVS2de5ZAQMqyu5B8A6', 0, 0, 0, '2024-05-13 21:32:40', NULL),
(148, 'Quản trị', '0389389891', 'Thị Trấn Chờ - Yên Phong - Bắc Ninh', '', 8500000, 'RhEizirVS2de5ZAQMqyu5B8A6', 0, 0, 0, '2024-05-14 21:32:49', NULL),
(151, 'Quản trị', '0389389891', 'Thị Trấn Chờ - Yên Phong - Bắc Ninh', '', 25500000, 'RhEizirVS2de5ZAQMqyu5B8A6', 0, 0, 0, '2024-05-17 21:33:17', NULL),
(152, 'Quản trị', '0389389891', 'Thị Trấn Chờ - Yên Phong - Bắc Ninh', '', 86850000, 'RhEizirVS2de5ZAQMqyu5B8A6', 0, 0, 1, '2024-05-18 21:33:35', NULL),
(153, 'Admin Hồng', '0389389891', 'Thị Trấn Chờ - Yên Phong - Bắc Ninh', '', 28950000, 'RhEizirVS2de5ZAQMqyu5B8A6', 0, 1, 0, '2024-05-19 21:54:22', NULL),
(154, 'Admin Hồng', '0389389891', 'Thị Trấn Chờ - Yên Phong - Bắc Ninh', '', 17450000, 'RhEizirVS2de5ZAQMqyu5B8A6', 0, 1, 0, '2024-05-20 23:18:02', NULL),
(155, 'Admin Hồng', '0389389891', 'Thị Trấn Chờ - Yên Phong - Bắc Ninh', '', 28950000, 'RhEizirVS2de5ZAQMqyu5B8A6', 0, 1, 0, '2024-05-24 23:08:35', NULL),
(156, 'Admin Hồng', '0389389891', 'Thị Trấn Chờ - Yên Phong - Bắc Ninh', '', 5900000, 'RhEizirVS2de5ZAQMqyu5B8A6', 1, 1, 0, '2024-05-24 23:27:40', NULL),
(157, 'Nghiêm Hồng', '0389389891', 'Yên Phong - Bắc Ninh', '', 15990000, 'aOtQFrZ0BFvyPdoELBgH0xfpC', 0, 0, 1, '2024-05-25 04:58:39', NULL),
(158, 'Admin Hồng', '0389389891', 'Tỉnh Bến Tre - Huyện Bình Đại - Xã Vang Quới Đông', '', 18990000, 'RhEizirVS2de5ZAQMqyu5B8A6', 0, 0, 0, '2024-05-25 23:11:18', NULL),
(159, 'Admin Hồng', '0389389891', 'Thị Trấn Chờ - Yên Phong - Bắc Ninh', '', 15990000, 'RhEizirVS2de5ZAQMqyu5B8A6', 0, 0, 1, '2024-05-25 23:13:22', NULL),
(160, 'Admin Hồng', '0389389891', 'Tỉnh Bình Phước - Huyện Chơn Thành - Xã Minh Thành', '', 23350000, 'RhEizirVS2de5ZAQMqyu5B8A6', 0, 0, 1, '2024-05-26 21:37:47', NULL),
(161, 'Admin Hồng', '0389389891', 'Thị Trấn Chờ - Yên Phong - Bắc Ninh', '', 17450000, 'RhEizirVS2de5ZAQMqyu5B8A6', 0, 0, 0, '2024-05-26 21:55:46', NULL);

-- --------------------------------------------------------

--
-- Cấu trúc bảng cho bảng `order_detail`
--

CREATE TABLE `order_detail` (
  `id` int(255) NOT NULL,
  `order_id` int(10) DEFAULT NULL,
  `product_id` varchar(255) DEFAULT NULL,
  `quantity` int(5) NOT NULL,
  `price` int(11) DEFAULT NULL,
  `created_at` datetime DEFAULT current_timestamp(),
  `updated_at` datetime DEFAULT NULL
) ENGINE=InnoDB DEFAULT CHARSET=utf8mb4 COLLATE=utf8mb4_general_ci;

--
-- Đang đổ dữ liệu cho bảng `order_detail`
--

INSERT INTO `order_detail` (`id`, `order_id`, `product_id`, `quantity`, `price`, `created_at`, `updated_at`) VALUES
(148, 142, 'BwHCT4b6EUEIX4TMgzKFTPuyt', 1, 18990000, '2024-05-19 21:20:20', NULL),
(150, 144, 'PI4h2PazXVJRPeBSKvGNTaTUf', 1, 9900000, '2024-05-19 21:30:25', NULL),
(152, 146, 'PI4h2PazXVJRPeBSKvGNTaTUf', 1, 9900000, '2024-05-19 21:32:33', NULL),
(153, 147, '0Lgpy5zx0gTnkCCHTzG09tR4K', 1, 6190000, '2024-05-19 21:32:40', NULL),
(154, 148, 'iwzNV5AN7TAJiqDTU9XTQeUzD', 1, 8500000, '2024-05-19 21:32:49', NULL),
(157, 151, 'iwzNV5AN7TAJiqDTU9XTQeUzD', 3, 8500000, '2024-05-19 21:33:17', NULL),
(158, 152, 'ArpBT15kpSJTsPvhV6KkTm8Ul', 3, 28950000, '2024-05-19 21:33:35', NULL),
(159, 153, 'ArpBT15kpSJTsPvhV6KkTm8Ul', 1, 28950000, '2024-05-19 21:54:22', NULL),
(160, 154, 'OfwOkNiTgQuDrtMfRgeoWZ5bQ', 1, 17450000, '2024-05-20 23:18:02', NULL),
(161, 155, 'ArpBT15kpSJTsPvhV6KkTm8Ul', 1, 28950000, '2024-05-24 23:08:35', NULL),
(162, 156, 'nZDTOZvI9VTQiABJTbnvNTMmI', 1, 5900000, '2024-05-24 23:27:40', NULL),
(163, 157, 'fkbTsWyOEfJyrzWTFmOWyJNEC', 1, 15990000, '2024-05-25 04:58:39', NULL),
(164, 158, 'BwHCT4b6EUEIX4TMgzKFTPuyt', 1, 18990000, '2024-05-25 23:11:18', NULL),
(165, 159, 'fkbTsWyOEfJyrzWTFmOWyJNEC', 1, 15990000, '2024-05-25 23:13:22', NULL),
(166, 160, 'nZDTOZvI9VTQiABJTbnvNTMmI', 1, 5900000, '2024-05-26 21:37:47', NULL),
(167, 160, 'Gy0AbTrD12RwVsoIDCGOha69G', 1, 17450000, '2024-05-26 21:37:47', NULL),
(168, 161, 'Gy0AbTrD12RwVsoIDCGOha69G', 1, 17450000, '2024-05-26 21:55:46', NULL);

-- --------------------------------------------------------

--
-- Cấu trúc bảng cho bảng `products`
--

CREATE TABLE `products` (
  `id` varchar(255) NOT NULL,
  `name` varchar(150) DEFAULT NULL,
  `images` text DEFAULT NULL,
  `hot` tinyint(1) DEFAULT 0,
  `price` double DEFAULT NULL,
  `sale` double DEFAULT NULL,
  `quantity` int(11) DEFAULT NULL,
  `category_id` varchar(255) DEFAULT NULL,
  `total_pay` int(11) DEFAULT 0,
  `total_comments` int(11) DEFAULT 0,
  `rating` decimal(2,1) NOT NULL DEFAULT 0.0,
  `created_at` datetime DEFAULT current_timestamp(),
  `updated_at` datetime DEFAULT NULL
) ENGINE=InnoDB DEFAULT CHARSET=utf8mb4 COLLATE=utf8mb4_general_ci;

--
-- Đang đổ dữ liệu cho bảng `products`
--

INSERT INTO `products` (`id`, `name`, `images`, `hot`, `price`, `sale`, `quantity`, `category_id`, `total_pay`, `total_comments`, `rating`, `created_at`, `updated_at`) VALUES
('0k831M2Js7S88eTsl6qAFW2Th', 'iPhone 15 Plus 128GB VN/A', 'https://res.cloudinary.com/dpzzwc24b/image/upload/v1715892192/mobimart_img/shfmdyyl0tn3fgwihlsp.png,https://res.cloudinary.com/dpzzwc24b/image/upload/v1715892192/mobimart_img/jwcsmncjppzipzxpwefw.png,https://res.cloudinary.com/dpzzwc24b/image/upload/v1715892192/mobimart_img/pjhfthdp8qxizytal3w7.png,https://res.cloudinary.com/dpzzwc24b/image/upload/v1715892192/mobimart_img/fwlfdwlekt6rkfpndbkb.png', 0, 20990000, 17450000, 100, 'g7Ph8CmTazu6vndHbVAuBGMUa', 0, 2, 5.0, '2024-05-17 03:43:12', NULL),
('0Lgpy5zx0gTnkCCHTzG09tR4K', 'Xiaomi Redmi Note 12 Turbo 16GB 256GB Box', 'https://res.cloudinary.com/dpzzwc24b/image/upload/v1715890715/mobimart_img/sqb0emomr9m2y9e2fspi.png,https://res.cloudinary.com/dpzzwc24b/image/upload/v1715890715/mobimart_img/pxqe1eiynwon90m0vjuh.png,https://res.cloudinary.com/dpzzwc24b/image/upload/v1715890715/mobimart_img/chrkdkq5qrot7t4wgxuk.png,https://res.cloudinary.com/dpzzwc24b/image/upload/v1715890715/mobimart_img/ncxdxg0tbihrpgjbptdp.png', 0, 9090000, 6190000, 99, 'JiAN1SdcMzTsN5xF8XfG4VDG5', 1, 0, 0.0, '2024-05-17 03:18:36', NULL),
('0MNgB5mkcXLpQALkaWv8MW8SF', 'iPhone 15 Pro Max 256GB VN/A', 'https://res.cloudinary.com/dpzzwc24b/image/upload/v1715891943/mobimart_img/jpmxmub5dk7w1ekchdhu.png,https://res.cloudinary.com/dpzzwc24b/image/upload/v1715891940/mobimart_img/phxyeluqspnu3agkobi1.png,https://res.cloudinary.com/dpzzwc24b/image/upload/v1715891940/mobimart_img/kpdxbwtfnf8mxmsuh0l4.png,https://res.cloudinary.com/dpzzwc24b/image/upload/v1715891940/mobimart_img/g5uxbafwuf6umxdeetkq.png,https://res.cloudinary.com/dpzzwc24b/image/upload/v1715891938/mobimart_img/ijns9aeytfxeqgwkyicd.png', 1, 29990000, 28990000, 99, 'g7Ph8CmTazu6vndHbVAuBGMUa', 0, 0, 0.0, '2024-05-17 03:39:03', NULL),
('7X0Jls1txRnQe6CDFJtT5wVOg', 'Realme Q5', 'https://res.cloudinary.com/dpzzwc24b/image/upload/v1715893298/mobimart_img/iji7y19oyv8trupbxnxa.png,https://res.cloudinary.com/dpzzwc24b/image/upload/v1715893295/mobimart_img/nfkshti4wzpqqjsr63zk.png,https://res.cloudinary.com/dpzzwc24b/image/upload/v1715893295/mobimart_img/a0dl23uuzh2qodmohpot.jpg', 0, 5690000, 3900000, 100, 'UFLSG6Jtwrzs1OQMHIOQxPc9M', 0, 1, 5.0, '2024-05-17 04:01:39', NULL),
('ArpBT15kpSJTsPvhV6KkTm8Ul', 'Samsung Galaxy Z Fold5 12GB 256GB Chính Hãng', 'https://res.cloudinary.com/dpzzwc24b/image/upload/v1715891362/mobimart_img/mrc4rbqjstayquyvq0j9.png,https://res.cloudinary.com/dpzzwc24b/image/upload/v1715891360/mobimart_img/qfjhlpszr9y4ye00e3zi.png,https://res.cloudinary.com/dpzzwc24b/image/upload/v1715891355/mobimart_img/gxgykb8bvi40tfhpsvmi.png', 0, 36990000, 28950000, 98, 'A8eZz97VJ74KlZ5HxcSN6zlf2', 5, 2, 4.5, '2024-05-17 03:29:22', NULL),
('BwHCT4b6EUEIX4TMgzKFTPuyt', 'iPhone 14 256GB chính hãng VNA', 'https://res.cloudinary.com/dpzzwc24b/image/upload/v1715892485/mobimart_img/izfsjpzpdigszr8faidi.png,https://res.cloudinary.com/dpzzwc24b/image/upload/v1715892485/mobimart_img/bap3vibczgi8qqhhszd8.png,https://res.cloudinary.com/dpzzwc24b/image/upload/v1715892482/mobimart_img/tfqkjo3hbksfe5dffa37.png,https://res.cloudinary.com/dpzzwc24b/image/upload/v1715892484/mobimart_img/lqycnfpq5krdxhfux9fu.png,https://res.cloudinary.com/dpzzwc24b/image/upload/v1715892482/mobimart_img/jgjainmra4qzi2erpbbv.jpg,https://res.cloudinary.com/dpzzwc24b/image/upload/v1715892483/mobimart_img/sh5mh9orguptsgi55nzr.png', 1, 25990000, 18990000, 96, 'g7Ph8CmTazu6vndHbVAuBGMUa', 2, 1, 5.0, '2024-05-17 03:48:06', NULL),
('fkbTsWyOEfJyrzWTFmOWyJNEC', 'iPhone 13 128GB chính hãng VN/A', 'https://res.cloudinary.com/dpzzwc24b/image/upload/v1715892042/mobimart_img/ppdb6s2zbaizjpakjo4t.png,https://res.cloudinary.com/dpzzwc24b/image/upload/v1715892042/mobimart_img/pzmaio4yfayud7uwbbo4.png,https://res.cloudinary.com/dpzzwc24b/image/upload/v1715892042/mobimart_img/ahx0uyk21zcrrdzqknq6.png,https://res.cloudinary.com/dpzzwc24b/image/upload/v1715892042/mobimart_img/u3pb7gvrqldifdxmjvto.png,https://res.cloudinary.com/dpzzwc24b/image/upload/v1715892042/mobimart_img/oovgxuwcaq1uozc64pvk.png', 1, 29990000, 15990000, 95, 'g7Ph8CmTazu6vndHbVAuBGMUa', 2, 0, 0.0, '2024-05-17 03:40:43', NULL),
('Gy0AbTrD12RwVsoIDCGOha69G', 'Samsung Galaxy S23 (5G) 8GB 128GB Chính Hãng', 'https://res.cloudinary.com/dpzzwc24b/image/upload/v1715891122/mobimart_img/vx5ztkpw1ng4q2up8jvl.png,https://res.cloudinary.com/dpzzwc24b/image/upload/v1715891122/mobimart_img/cs6pbtqqo54i9bqucnnk.png,https://res.cloudinary.com/dpzzwc24b/image/upload/v1715891122/mobimart_img/vyc3eld3lntxuvletv7p.png,https://res.cloudinary.com/dpzzwc24b/image/upload/v1715891121/mobimart_img/edp8ha7r8pqvna278jrv.png', 0, 20990000, 17450000, 96, 'A8eZz97VJ74KlZ5HxcSN6zlf2', 2, 0, 0.0, '2024-05-17 03:25:22', NULL),
('iwzNV5AN7TAJiqDTU9XTQeUzD', 'Realme GT Neo 6 SE (5G) Box', 'https://res.cloudinary.com/dpzzwc24b/image/upload/v1715892611/mobimart_img/alzw5o0p80sz7nae1ckc.png,https://res.cloudinary.com/dpzzwc24b/image/upload/v1715892611/mobimart_img/xmwibf1ulpl6azu6ytq3.png,https://res.cloudinary.com/dpzzwc24b/image/upload/v1715892612/mobimart_img/u6yvf9k9it2psdh4wfao.png,https://res.cloudinary.com/dpzzwc24b/image/upload/v1715892611/mobimart_img/tk9x2bg0w8msedbqva4b.png', 0, 10990000, 8500000, 96, 'UFLSG6Jtwrzs1OQMHIOQxPc9M', 4, 0, 0.0, '2024-05-17 03:50:12', NULL),
('LLLilzJeEPPppeDfNkP7XiA1e', 'Xiaomi 14 (5G) 12GB 256GB Chính Hãng', 'https://res.cloudinary.com/dpzzwc24b/image/upload/v1715890035/mobimart_img/fkiawmaz9baatbp163zy.png,https://res.cloudinary.com/dpzzwc24b/image/upload/v1715890035/mobimart_img/g19af9azdtgpb6bjqaqu.png,https://res.cloudinary.com/dpzzwc24b/image/upload/v1715890035/mobimart_img/zmoysx3wszpov3mnsrsg.png,https://res.cloudinary.com/dpzzwc24b/image/upload/v1715890034/mobimart_img/sw8ejyruuhr3wi3dfytv.png,https://res.cloudinary.com/dpzzwc24b/image/upload/v1715890034/mobimart_img/nblx60ebeyqgqttcjcna.jpg', 1, 20990000, 17450000, 97, 'JiAN1SdcMzTsN5xF8XfG4VDG5', 0, 0, 0.0, '2024-05-17 03:07:16', NULL),
('lrOXK1VnF9gHNlL5uF7El9ec8', 'Samsung Galaxy A55 (5G) 8GB 128GB Chính Hãng', 'https://res.cloudinary.com/dpzzwc24b/image/upload/v1715891570/mobimart_img/ggzrg2vdxrorv53olb2h.png,https://res.cloudinary.com/dpzzwc24b/image/upload/v1715891570/mobimart_img/edberkkeqm1l4nqcqiru.png,https://res.cloudinary.com/dpzzwc24b/image/upload/v1715891570/mobimart_img/phye72ubkplloouhfsyn.png,https://res.cloudinary.com/dpzzwc24b/image/upload/v1715891571/mobimart_img/scjjcbbzmfjvbdocizcp.png', 0, 9900000, 6900000, 99, 'A8eZz97VJ74KlZ5HxcSN6zlf2', 0, 1, 5.0, '2024-05-17 03:32:51', NULL),
('ngirr1dnEsgZackbrdTCW5kpA', 'Realme 11 Pro Plus (5G) 12GB 256GB Box', 'https://res.cloudinary.com/dpzzwc24b/image/upload/v1715892719/mobimart_img/koscah8ivhylgzfsgmvs.png,https://res.cloudinary.com/dpzzwc24b/image/upload/v1715892713/mobimart_img/rvhxuam5euc14edsckmw.png,https://res.cloudinary.com/dpzzwc24b/image/upload/v1715892714/mobimart_img/cjfanxd9h6puebz0sr8p.png', 0, 15990000, 7990000, 98, 'UFLSG6Jtwrzs1OQMHIOQxPc9M', 0, 1, 5.0, '2024-05-17 03:51:59', NULL),
('nZDTOZvI9VTQiABJTbnvNTMmI', 'Realme GT Neo 2T', 'https://res.cloudinary.com/dpzzwc24b/image/upload/v1715893409/mobimart_img/jsdn0koirey6mvibe2vc.png,https://res.cloudinary.com/dpzzwc24b/image/upload/v1715893408/mobimart_img/cqqqo8ruppnw11yau2gj.png', 0, 7650000, 5900000, 98, 'UFLSG6Jtwrzs1OQMHIOQxPc9M', 2, 1, 5.0, '2024-05-17 04:03:32', NULL),
('OfwOkNiTgQuDrtMfRgeoWZ5bQ', 'Samsung Galaxy Z Flip5 8GB 512GB Chính Hãng', 'https://res.cloudinary.com/dpzzwc24b/image/upload/v1715891472/mobimart_img/cmy8lc7qvgj8sshvzmqz.png,https://res.cloudinary.com/dpzzwc24b/image/upload/v1715891473/mobimart_img/hffzwpfpoztk21wfitdn.png,https://res.cloudinary.com/dpzzwc24b/image/upload/v1715891473/mobimart_img/xt9oc938nomeasxp3tog.png,https://res.cloudinary.com/dpzzwc24b/image/upload/v1715891473/mobimart_img/zf4l6xnfffp1a3wft5o0.png', 0, 29990000, 17450000, 99, 'A8eZz97VJ74KlZ5HxcSN6zlf2', 1, 0, 0.0, '2024-05-17 03:31:13', NULL),
('OTcPGzpJX7oLzq2zTxSwHCyzW', 'Xiaomi Redmi Note 13 6GB 128GB Chính Hãng', 'https://res.cloudinary.com/dpzzwc24b/image/upload/v1715890935/mobimart_img/k4a7vswppax4wiizkdkh.png,https://res.cloudinary.com/dpzzwc24b/image/upload/v1715890935/mobimart_img/qwvjpckih3vgv7ix8dzh.png,https://res.cloudinary.com/dpzzwc24b/image/upload/v1715890935/mobimart_img/f0xr607fzj4lioubt1sz.png,https://res.cloudinary.com/dpzzwc24b/image/upload/v1715890935/mobimart_img/an79s03jm6hyjkur9fhc.jpg', 0, 7990000, 4990000, 99, 'JiAN1SdcMzTsN5xF8XfG4VDG5', 0, 0, 0.0, '2024-05-17 03:22:15', NULL),
('PI4h2PazXVJRPeBSKvGNTaTUf', 'Xiaomi 13 (5G) 12GB 256GB Box', 'https://res.cloudinary.com/dpzzwc24b/image/upload/v1715890254/mobimart_img/wps6vtpdawsxwb5kkhg2.png,https://res.cloudinary.com/dpzzwc24b/image/upload/v1715890254/mobimart_img/niykxhaibmcq3vg32mpz.png,https://res.cloudinary.com/dpzzwc24b/image/upload/v1715890254/mobimart_img/cedwptxclgjwg8ozslmd.png', 1, 12990000, 9900000, 95, 'JiAN1SdcMzTsN5xF8XfG4VDG5', 2, 0, 0.0, '2024-05-17 03:10:55', NULL),
('UBg35Uec0lOvV9B1kxegxDTIT', 'Realme GT Neo 5 16Gb 1TB Box', 'https://res.cloudinary.com/dpzzwc24b/image/upload/v1715893204/mobimart_img/futfqhetuqzo4zk18eyd.png,https://res.cloudinary.com/dpzzwc24b/image/upload/v1715893204/mobimart_img/o66cy4q6icizhdwe7syc.png,https://res.cloudinary.com/dpzzwc24b/image/upload/v1715893205/mobimart_img/ebguhu4yuo82st8c6zg0.png', 0, 12690000, 7990000, 100, 'UFLSG6Jtwrzs1OQMHIOQxPc9M', 0, 0, 0.0, '2024-05-17 04:00:05', NULL),
('uiI2NXXBy2yTfJH1T18Tha29O', 'Samsung S20 Fe', 'https://res.cloudinary.com/dpzzwc24b/image/upload/v1715891680/mobimart_img/igwtuzic2raapgxgawqk.png,https://res.cloudinary.com/dpzzwc24b/image/upload/v1715891680/mobimart_img/syrxyebpesivp4zjkais.png', 0, 20990000, 7990000, 100, 'A8eZz97VJ74KlZ5HxcSN6zlf2', 0, 0, 0.0, '2024-05-17 03:34:40', NULL),
('UXwM5POO4Z8tU9Zz4ikkMZyeR', 'iPhone 12 128GB Chính hãng VN/A', 'https://res.cloudinary.com/dpzzwc24b/image/upload/v1715892348/mobimart_img/qi2zak2vo2qttxx0xtyz.png,https://res.cloudinary.com/dpzzwc24b/image/upload/v1715892349/mobimart_img/knfumeloilxc6ne9mbvv.png,https://res.cloudinary.com/dpzzwc24b/image/upload/v1715892356/mobimart_img/lg2fn3vopmovuzzmcpse.png,https://res.cloudinary.com/dpzzwc24b/image/upload/v1715892347/mobimart_img/p76fmnx8zdemjbt20rlq.png,https://res.cloudinary.com/dpzzwc24b/image/upload/v1715892348/mobimart_img/s0ynb7s3ep0nyel7yvkc.png,https://res.cloudinary.com/dpzzwc24b/image/upload/v1715892347/mobimart_img/axwqrrtjkknx6jacvmnw.png', 1, 20990000, 12990000, 100, 'g7Ph8CmTazu6vndHbVAuBGMUa', 0, 0, 0.0, '2024-05-17 03:45:56', NULL),
('VJUvmD1DMdlLSXaoFQxrZovLb', 'Samsung Galaxy S24 Ultra (5G) 12GB 256GB Chính Hãng', 'https://res.cloudinary.com/dpzzwc24b/image/upload/v1715891030/mobimart_img/ewsprgvvm1uoqaeqkd1e.png,https://res.cloudinary.com/dpzzwc24b/image/upload/v1715891030/mobimart_img/uoqf5cjsbnwivyfqkzyj.png,https://res.cloudinary.com/dpzzwc24b/image/upload/v1715891045/mobimart_img/hqgqktfcvkruptmizimw.png,https://res.cloudinary.com/dpzzwc24b/image/upload/v1715891030/mobimart_img/ywu0aakgtdqqelmq4bgj.png', 1, 29990000, 20550000, 100, 'A8eZz97VJ74KlZ5HxcSN6zlf2', 0, 0, 0.0, '2024-05-17 03:24:05', NULL),
('VNHoxg1AS8O8viZN6hxeorUV7', 'Xiaomi Redmi Note 13 Pro (4G) 8GB 128GB Chính Hãng', 'https://res.cloudinary.com/dpzzwc24b/image/upload/v1715890502/mobimart_img/xsfeoud1s3sarb2xczlm.png,https://res.cloudinary.com/dpzzwc24b/image/upload/v1715890502/mobimart_img/c4tcfaezgm97uwpcbdgz.png,https://res.cloudinary.com/dpzzwc24b/image/upload/v1715890501/mobimart_img/oixrroohl3sag82vmgzl.png', 0, 7290000, 5990000, 100, 'JiAN1SdcMzTsN5xF8XfG4VDG5', 0, 0, 0.0, '2024-05-17 03:15:02', NULL);

-- --------------------------------------------------------

--
-- Cấu trúc bảng cho bảng `sliders`
--

CREATE TABLE `sliders` (
  `id` int(11) NOT NULL,
  `name` varchar(50) DEFAULT NULL,
  `link` text DEFAULT NULL,
  `created_at` datetime DEFAULT current_timestamp(),
  `updated_at` datetime DEFAULT NULL
) ENGINE=InnoDB DEFAULT CHARSET=utf8mb4 COLLATE=utf8mb4_general_ci;

--
-- Đang đổ dữ liệu cho bảng `sliders`
--

INSERT INTO `sliders` (`id`, `name`, `link`, `created_at`, `updated_at`) VALUES
(8, 'slider[1]', 'https://res.cloudinary.com/dpzzwc24b/image/upload/v1715943579/mobimart_img/xpj3wodjyb9adtr32r9j.webp', '2024-05-17 17:59:39', NULL),
(9, 'slider[2]', 'https://res.cloudinary.com/dpzzwc24b/image/upload/v1715943579/mobimart_img/ndcpb3qacejrp0l7v4jb.webp', '2024-05-17 17:59:39', NULL),
(10, 'slider[3]', 'https://res.cloudinary.com/dpzzwc24b/image/upload/v1715943579/mobimart_img/z1ucacmvyi7fetdlhlpt.webp', '2024-05-17 17:59:39', NULL),
(11, 'slider[4]', 'https://res.cloudinary.com/dpzzwc24b/image/upload/v1715943579/mobimart_img/ondyxnjguojz7qnvvrnx.webp', '2024-05-17 17:59:39', NULL),
(12, 'slider[5]', 'https://res.cloudinary.com/dpzzwc24b/image/upload/v1715943579/mobimart_img/tdlcn93n86godntaigyn.webp', '2024-05-17 17:59:39', NULL);

-- --------------------------------------------------------

--
-- Cấu trúc bảng cho bảng `users`
--

CREATE TABLE `users` (
  `id` varchar(255) NOT NULL,
  `name` varchar(50) DEFAULT NULL,
  `email` varchar(100) DEFAULT NULL,
  `password` varchar(100) DEFAULT NULL,
  `phone` varchar(11) DEFAULT NULL,
  `address` varchar(255) DEFAULT NULL,
  `created_at` datetime DEFAULT current_timestamp(),
  `updated_at` datetime DEFAULT NULL,
  `avatar` text DEFAULT NULL,
  `isAdmin` tinyint(1) DEFAULT 0
) ENGINE=InnoDB DEFAULT CHARSET=utf8mb4 COLLATE=utf8mb4_general_ci;

--
-- Đang đổ dữ liệu cho bảng `users`
--

INSERT INTO `users` (`id`, `name`, `email`, `password`, `phone`, `address`, `created_at`, `updated_at`, `avatar`, `isAdmin`) VALUES
('aOtQFrZ0BFvyPdoELBgH0xfpC', 'Nghiêm Hồng', 'hung24855@gmail.com', '$2b$10$Ilihtb3yubzNSYP1ek99YORMRcDE/t6O8mlj07cqxcx8lpKCS7GBO', '0389389891', 'Yên Phong - Bắc Ninh', '2024-04-21 22:12:23', '2024-05-09 00:08:30', 'data:image/jpeg;base64,/9j/4AAQSkZJRgABAgAAAQABAAD/7QCEUGhvdG9zaG9wIDMuMAA4QklNBAQAAAAAAGccAigAYkZCTUQwMTAwMGE4YzAxMDAwMDIzNDYwMDAwZDdhMTAwMDBiNWM1MDAwMDQ4ZTgwMDAwZWUxOTAxMDBjZjk2MDEwMGIxYTQwMTAwZDhjMTAxMDBiZmRlMDEwMDM2YWYwMjAwAP/bAEMABwUFBgUEBwYFBggHBwgKEQsKCQkKFQ8QDBEYFRoZGBUYFxseJyEbHSUdFxgiLiIlKCkrLCsaIC8zLyoyJyorKv/bAEMBBwgICgkKFAsLFCocGBwqKioqKioqKioqKioqKioqKioqKioqKioqKioqKioqKioqKioqKioqKioqKioqKioqKv/CABEIBDsEOAMAIgABEQECEQH/xAAbAAACAwEBAQAAAAAAAAAAAAAAAQIDBAUGB//EABoBAAMBAQEBAAAAAAAAAAAAAAABAwIEBQb/xAAaAQADAQEBAQAAAAAAAAAAAAAAAQMCBAUG/9oADAMAAAERAhEAAAHmdOiXN0X5rLtcuOzVhjnrri6MGfP0sHdOiVFmOjvLi6MV3le/GsWXfR0cdVkqebWmWS3T6PS870Z1y8v2HD9Dj42iRx9nXtxdPlU9FGl7yHVspTLLXin5PI5+7D7+3sx3+H6HX9B5LatenplZ28/NXRr5nyr9cuSlnLvt9rk8+ujzObN+vlX8FurLnS6Ofoz5Ub67GfG6TsVJw236eXdKnQeazupospugMqq9COtZ7c0Klx707d3A7HJvQJ0gCGMEJKuvWNDotlR0yppOjFtwhoMOvz+mF0Y4lZfTHObpVL0c6pY9U+imG6ye67oW4k3B92ZAIAGAAAAAAAAAAAAAAAkJig1Y6LVqSGJNIcgEfHNXL1dG7ejlu4r9jH0uTPyouiD6tee16XPj0MYpSiT1t6PK6ENnO1YPU4br8G7j780O7yVzUOiFtdfr+X3z6N2Hp58xx6bMmcvr+dnbfuM/nOm5dChZXz1UQidEr6b+G++EuhO2bvee0ds+tAy9kOiZbee1+XTKuOPT3cLfLz9m/wA3XnLejzNRvb2ctufDfHeMcrJJK2FWda58+3e+powaaFmW+r0Z0XSOHoo4nfw+icvoce7k9L19nM6K8lGblejDv0c3VHovhOE4ylnu8/VmdZPT5dGfJ0ubqzbuX2MdNefbz7+fRfTmzSy+ded9DZ5zdPfYVd3TmA40U5RaGAwAYAAAAAAAAAAAhNAAq4aLM1udrHs59su3pypWeTXLHZk0FE75+QVS62e3Hv0Q4893NffLh8lbs53plWyNfJ0dDmd3lLiwpW26TXnMvoczTvxniz0Rbr38p2WjL06MZy3VTnTq7Od1uXoyTs5vXC/ndnXPfmJ9LlON3S4ux72Z9dkTDrgY1rsqCW7HG/rerXzNnNXZPJo3jTdgv6zU6DeLst9ZmjNLPXmq6fmlydPq8mPcbjKU4WnltyKUaSVqV9XmbuPp3kJ9fGW1xvhc/oresmOdnJe/bz249Dka5d0/P69OPzvR2dLg6pT2ZN8fQ4pVzv46cqrq4m4ZZ4enk6eblqmd93Hun2S36aOd9CC6Mr59qluMgO3AAAAwAAAAAAAAAAAATBV131jyYtmKfTpvyX8s81GvP0S1vDo43bbloxjoVZJV14vbHXzVry71aHD9Fy6b9HZ4XocV+LmU7cGW9uGIRlCy/RpRLlzDVS9a10b6SPPWq/VaNMbOTaydOdZ8rqZyVejHfB45UunkSrmue8LNbz+mHprPKdvjvdHXSmyFrVlWbNWPXfOslTp46bOmd2vi7d9vdqxWT5Nerg9N3fK6XN6uDLh6Obn6au1yrOLt9VyNJ0rm0XQ7KVZ9fWhZ6sN/ncWt44elPqnHLx6dmC6FdPO1W0xxZdCjzqUk4mY0yisy088VNrwl+zXZkhnm6t/ntVZ7uZrq1Tk0bcpz59Ctz3btePVDVuinVrGq3DdaGki+lMAABgAAAAAAAAAAAAABTKnUKc2kL0Qvr4K01Rg9RjVUsazHPbgrYp+T7Xm+lPXquh5bp8melVHiev5fT58sMUoZo9PVWtVcqxnddK1c5UnLoM8q101Trxz5iFXQ9fS4PQ5+v0UcThLTn6WS2KeryZY104Rqkuly7qTj4ObZR39Ge+s57drree6fDd4+zn6+HjGnNShaqpKfQ5Ol26PS5deNeijg3b58WXqVXrqwbFLn5ppo5+huuOKXXYKqUvg+p1kraHwc4sb9JdfXw7fPtuxXT9TGCnZV5/TG6Lzndr4dW+b0GbJsrqqrZZN87D3M+I8WzTRTsjbGULOrTuU+Znvl1Vrc7cckZ2a8Lm9Ti66dXQr1V1489e9jyaldHTmn1xANgAAAAJiABgIGAAil4vpVLzWq6Fm/HGmfoS2cevln6t+d26l1YrROlENYl8k1wu075K2c3z+nDqji00dPm7eLq6eO8tHM3dKEfO9DZm304sXW5/Tx5rs1hbRZlsnnTRO/NOTp6OCm9l1cuab1c2vqh6Gni3J9jRx9HFrZRGVpcqvXVS2SvfnyrOlyujz9epRV+S6hzxrPKds982n0HGvKevk9F1pjfDUtOzjyzvZbCOjZHNXLF1V0H1U1aqlTLeRZ2tfmdEzq598Nxy5uxRmvPJIvZbnnl3PFA4typ6Geg6FVc1sWXB7Pl9mPCtXb0s8IcnQpK6Iq8nPvw9aPH2WejNcYzTO2h0stq0S6+5fg3Sg5D7ZAGwIjzISNSEA0UvNpzDeums+DOexLkbMU1qCcpxhJuuNeSWHz+1brp4r7lXE+Tj7NO1wruzDnvh1acr5duvzM/Q15a/l7YZvlOyOai7O8aZ85PXUyVVdPNWlXS+7qcG7g33DL0Y3w830ldo+Ulv5PbHTdjv5qdK/mdCdbHXNSr5nanbHCndDG3oplN7IVXPFavjvVVexZeO6y2es91VfTDRbgtxXtYo3zxRKyqplpVd9dHJOuSt3cnrQ65w1xzHHm30dEoKE8OWmpYrozXzxjNcX5tPXROsqtNK1GeSmdOod0eXso5XbVc8ntY5T5uzRz9F+WuiF/ZWuWqrzqxsqtzem+OXsJvnGuTZn6eznpzTr04jytN1Gy3bn281Z6KtBiwVPrxtqpz1htObZO17rXN07bMlucXZrq+rHG120yq6HDJm2X82Uull57tnTv4Wk7O7mzUPg2dDk7JdHShjq6oOMKaT1Pm1cZ3LfMrT9GvMw7DxctVvD3Z7k1O5Qi4W3czTqtk8jStsjonWkvpUdnd8z2uTt6HP2cTq8Tp8/mdGnZyqutzaPbbm18nRvMW95Mso04Y0wqtW91S592yolkuvySHqlVYavMsNx0ZJu2ouq7n3ZdnsiFOnL0YgnHr6NXT42zhpoxdzDXknt4evPRvw9anPPyadkM1o0wjgo0SppjXTHRHplOmGo149tHSoWZqtb627z2zkr145NZTLHRir50I7Ju/PjfULTbz6ac+zRxTW+vnppbeLo6C/M7kbud9S/BKHNoxXRpjFZbQ67rubuetMs+S0bMufHc334d/JW23Hbk1Si8mqVGpWaiuvmzw00LdVGvHtZ4X1Q653YNOOfRTTZWObZVHG9VeeavpSnnNNd8FPPi111Vc5KFPJ9zkW0p2eZs1HHzKdGp35p0IIx4ujZuWXRk246Onz0Pny2XWLo2xz1HJz6etm6nqjh7/D28rTs5VeTVbyd1KzyaYWlmnou5q802YaRtKZY3coastaubqxvRh6sOiGSFORZ3OjSdV8i2eITIzzdp53a128/B6TF1cNd/P3yrlxdjL1Rq63J1cVNODoV8+MLkOtbhHWJbaee11KsOx7ipWGqJaLp3xXKojbQqOjm1V5o1a00asX2WYtkdYMPqedvn4krLK3ltnt4a8+euHaZqupZjWW/NgUunDnWzOhKq3XK813Nrq2GOT0ymVJWXYp510DJFY7W/yvb5evrmdktGJU+xxW005OfcqskKPZbz48/Z0SnU80Q6OKMmYJ6fV6PJu5q3Z1j7uTpQ49Sz3s/J3rotKZc75VJanmhujoxG+iud3Q87p5abOH2uT08jpjPdrOl5+8t21kugujlsnKPFq6uXpefXTbO/VnxadcOp1bn3V1TVeemyrILr48JaVm3l2Z7NlV8sK/PK6Ro6PNslWfA9Lx7cPM3Q7kfZy3GW/m6qcyvPTq4e7n6/Q1YLacdVuCHTXtV4a+aN81SujpzyW+diysROOKWvo6VGSjjLR05aryn1ZmoPUYHTXn6YasfZs5qcKerJWg435piv3ZtYg68e+SOPfR37n0udfxdXUpo05yacsJ5MOrl+xwvZxetyentvsq5Z2056ujmlmnE6s+Dq47cGO8MdGnRghOHV6HnuhLq9Vr8vvlLVzeli9bmonVk5bTw7tc+vkaOlkgstki0+jo4W5O7mdGyq5OrbZyV4uX0fJ7eHiu/Pqmi/DbC3Q05bcrg25Up7JZpUnZfm0StXVor1iqaDVNeyT1h0W6M2ruu5i47bcdPQtCokOi9hfVnusnLLpdsa1Zekrzy0bMGp4o3033dOvqcted18XRz134+pzp+bb0OdoL74VbN553RdXPfq5KIdHJTj6V9LeWp9TwLynM2cvXVR1a5yqrehYz9WnfPphj0ZK+ZntrwXv0pVvkdhC7OiYsq11dLNMUOtCmsmXs01x57o6uXrHYz4O7unBx+o8l08fXXl5rp62PGqy6GzJ0eH3Ka9Zjmx2aMRHW8DeeijrRtwL+zg28a34r8OFypvmOfbDO+dOfOvHZnuoRCVE3WydkoOW7kzK9zVh6U50HUwavRpT5bOERzt0Xa57xG3P0cdluJ7zpUKbLXXl5S5epzckY0lphVnosmh5829vO7JRmSh0adWDdzauiW5nnr0GnQa1ndOfVm6Y6a88tJX2Rn0FeyeMZ6taWMaeeuL5UvD2Xc67O9lMcr5stO3P19FGi0jXRZU5nVu42/O4Zu3j1z1meNJ9WfJtnTsQq7Menjw72Tq5efk15KyydLn7uf1+2odDl4eRT2OT189W/nT479Hg9Kro5OVfG7fbZTbbzzxUdrNbFM+fbvco35NP1O3x/oIdPSzuF4TTaxg5voMVJvPVolPwlPrvM+pbPKefl30fS+Y6HF29qLU6JZ97jxcHquP08uTt4NUezvPmZ6nS5Cu6/LxVV5Vbp0x08uqqdmp9HMzeg1Ql4ej2vm+2OLpciWad2OK+bem3cu6GicZZK9OOUMdduTs59nS49+K9iPPLcmmvEt52auRPGt0+ZVTfSzu/mrl1J4pWtOTUPLzVldxslKAmlovsoec69GSyT6Ovg3NdGuR0R5UOhWU5Wk55joWYNSvcWV4woUa97wP0eLmXMnKva12Yt2KVaej0JU8Xk93zeji4nU5/WXp317bcceSyGTqjfztebpjjm4cnTd0eQ+c9IuHq7ua6ulHVK6mnlfVWa7a693munTOfB6Hlahgspjydd18IKTptmPLfOG3gx+iZrm9jDp560WaufWfWn53V056mCxOjlmhit2zBXPl7GHBeuXz+L0PL9GmHW+py+nsk3z8uF3nU+muNuico2eW9LzenLhzO3uavPb+d9rR5/VLXQxxh08N+rzA7+7o8p2OenRtwXDow93XLs4U+1j5+HB3PK8/vl7LkcqffPtaPJWcV+o565ehms2T4J886eGnDmzzrvSevFXinYjzdmpCjFbug6Sdj59ds5q9pnrqtnXmmiy5ZhVn2Y+jlzqObo3ulns5eno7Ob0uUUbY9UKM+k0+PZqozsLac4zl0KV7/R8x0fOt0KzeLzS9BjosnWzETr4qdfRyc7P268WjZn1bKMu+ntlza+ks05tfVyc881NlqpzKe5DZLpcnp8nTLF06urh4G4qtWNtebc+5Z5+OY93mVaXbSslnNqyVsebRNWZWfRTirn0WXDq3hUPnahKrLut717lmhLRfxtdeW3Tz4mNfO6ufUOJn6OLqzf1vMdjk9n0dnnqNeL6uzznRL38jq8m/Lj51/Pvupwjnp0xoMnSs5TxnqZs2mu9m3hy5bep08LZzT36K5z1rtz5LcfR4tmfv5+Nn2Q6fQx9M0+R33ZOtpjzcTqa8ss7dHCvpqXP6XN9HzobuZdy923JTM5aKr66Vv6fFnz162CN9+fCrYdWldZm4dO/BX0HReXRNqjS5Ljx68K15m++GNsc8RnLOVnvv5MVrq56raYxQ6KN8yd1OaK9QmdTZxLsZ72vx9+s+ro5++eM/P6UNay3Qcq3XUZjHVqrv7M5i+vTqV1Tzz8e/mXjG2uuHV0acF0sdXR5q7pOlhKLLbHK+LOqirfmmPp8+7Feqs18uedtdsK1u+jWHj0w3jFKUt1w8r1tFn5vsUVnT0MFMLcWTNoydy7Wjzfc87u7WbVKM+BzfRcH0vPhox9rn9rOd+rnj57D2+f2ebTTW+q0ghFzjG3OoK1ZVTG2r3onbo2ciOYdqGXuSvxtWvPrn03Ybd6012MnxtGzOW07edZzz1rBVbHX18PTw9GzZxON6HneszchdHZ0c9mCXEp064+jYtZxZxKzJbm0U86HQ9VcZWpd0Odn5r9WzLY5UxhV0Z3TxPjN0q90eyurZX0Q5OqrhdsPS18zf59lCzNuMzOarssy6U1Rop3ivTmWKbWdKVsNW2tyqug5LpbORtzTVi25qcirrgiq/DX2Hft89tK9HO6qcuHn9TD02qtp0+b1KagZrhKvWCMY6mhJ7k5zzqSQThRdDas6nFuhXq7seiJZCri15OpzM9XUuh2vKD6PSYuPPulprlHm6Ks+zGpU2U3rq6m/N0fP6pVWYL+fGrRJ6jVz+Zfh6POIdV5X5Lubp2VzjiGeu7PYuKJ53IUWtm3jb4Wvm8fTxbt/ndfL2+gr5HZ1qzD26I+X5bTVm9Hq7L5m3m3qrROkLsQGluWcUYu5RfWTsZHwzoy6a/Txg3QlxdenZnyT8/TypvvrRZo0cXXnlrnKd2zgbtOPO9ZjrycXJYrV58Cux1O/xvTeL7W+dFF/CfH6GH058u6NXP3aMVdNeGevja8dnT1c6yK3qjXJZo7I5MdpRs7ery+zC6uenPaO6GaM9XSxVXnrnzbM3302W5pFaa84z6MjtnY88okcu5K1dDr3qqCjaDgVinKqS3fpzdLnplnqqJVLSsup6d8r8/RsjNU2WN48/yfeZ7vyD62fodM5WHbDZpnDk40e1z+rmOX0+lz78p0NcLUeRZt8tssNmqdHmWWazz1ozPdbVo5RveMYIbKq6oelTtSaLUYVpq1KM4m1Zr58sPo54jlospvOmU9C51RVf2Hvldyxcl6uZ0X08XNjpRmfSybuZYcE8fsc9RauXotdCyt+bLfslaYprrU86vMNtHMj0vWujXzdb63Icn6LGdSWvP8P33F7ebh+m8lbCnrObwl63B1ev4/qcvseocbvO5+bwPXU9fP4WPd5HTuXS4+vk6+q4RxCenHHT6c6IyZTq1btTT1nHn8/Hfi6Z1V3Qzqmdk1avU4YNdnP6WNZKOhhtyuVc50lOFs911X5aqGXXHpnhhqztxmrcUhG7O439CjdnunLQubz6N2dS6u/o422GdmOPM9jytT40Kez01rXC8+Jrp5c0ujWuidsdUMYcvdgp8yFs0ssd1Fdvl9s5X5G71tVenjx0c+k6ud0cvfwOWC+V7rsrH0r8WvmvXXqvJ82ro5azw5uhgvLOrZHRVdC6epWS2R1j26BGOF8Nrsa/NZjj9Xm89d1nSySt560zhSltlh0aeaUqzUY3NLnR25qJ35r8PNRozdOEmR36fPcuDFUoXla9fOyuXqtHn96vR532fI7+DhLRLHbmjuWM5t+GG89WjHZ0Tnkc3eq5y4ujYrtUVzdOyjT17OaT5bjIu7eyVS585q7o21U75claTqQnvPso2ZcKN0rw5mPvYSPPvyx1bornpZ2UQy9Gbq4QedE8t5erF1+ac+d1K1Oh0eL0+W19G2qsbdfOt5N6Lc0t5256n0uu1qWq7s0tvpZKZUWnXlOZSIqq2auZo4t2cvuZr8/J1zWK2GKWHuz14Frs8rlXeh5nOxaMvZ0JD57zcJ5J2aOtzX5y0WGM2fpLfNy7sB0U2yL+YpXT2S6uNr62SM52Y9dMZsnUjWXEo61Wrclb6SdZehW34tWLV1bmYjZTEjbLl5+nHcr5nQx0LFsw05a1Cx9UJatHPXBtx9iOst22uXO+fu30t5/tbIRM/L7z6Y+Ofr8WqcFbovFRCvWK1qp25um6VLb6XnEyNjrplnhmUqnZXdWtWR6em4X80MpdV1qx1WxvDdXUoEOVze7m9dd5box6Otn1Zly5efXl7mZtNMuxaKrufEa9dW45rK81F14ZNcd4Y7SnXTsa5DdVmL883VbukpoCc64azc6Xp2qElp2OWXF2weHLNNq/RhtzrqGKGYb82SeAU4z3ny2c7p54cXVj6050uN75Q1yvmh3dEdeb622qb6VPMxX8nsZOVZ01lltsfRnls38l8HZzRlz+glxOg3VXtrMUOWTb6EeHCvPr5umF7w3V9Tzu6LnUefjx7MXqSVFKxUhdPPRXplPl1Cm6johXNrFtLqlOMX1J46MWP0uBc72cO5b9DPj7CWuzn3QOw+NopOePXf0WxczvnJnxc+lzvRUJTpnS6/LsneyyurHNpeSwoW2266Hp0T5sYujKymrpRgoZs3VptOicL59Gbheoq6ebwke1ybau6Hn7Y69Nx7OxKvnYdCGjDX07WvPw28/p52nB0lpyaJVs6GWM8XW51U2PNNl5Ve6SmoZk3F0o7HCWLpZ5aegy17n0Z821a10Vz2Xzo0c1JLNn6OXcYJlN13OnPV2a6nXPnwdS2N/Ir3/Gw/PdTlrW/ZX+b7PFnsZ+Xvry83ldnH3X5eT1mnh6/J2ek6sN+Ss9VzaebwsnUr7L5+rkzck+vs86+w9Bb5mjUO557S9uvo0b+Hty6ac1ObvYcjrz1Z5K3VTDXfy1x77NPLvJorxX5+rHm2ZeukWVy10F3025rsXnc2m/jTtfs5o6prFshpxvlz3R6Z4pbMklm0c6nrz6mHD6fNq7jaodM8fQydbm9Ky3dq4+flrYBzp9DF0Te2VuavZmtrm9VVUhZVTG2Ika8WvvolFaIYM1eLTy82e3VatPQ5e/F1J2cecnP6/K9Xk37MXT8zqq43er7ubx0+/xNrJn14tpwgt0k4yKW68uiFNFtK1KxRVldOq2Tgq5VL661mVVTL1lfRo5LX3VzWL6IZejjlVCyvRXKU+XanCrUtsaLytOXr5cxq6+Czlp0eDspvKW7i9Pmpsjy5Wn23Xq4bK/Dmtx9PPzp9tejnujGfP31bYehmjr8/Xishonnu5x0b3Dj5O3zKcuHXbnd9ML9kennWdWXPTmatmKvJdkzx6Yb7acmM9LJjtwWVY49Jbsz6IdNpKcDFKLtWczTz6ng6F2ObkR6GPpWI6Gbdur0Od0uB8Tley8z7Hm8/dzr+f1ussFk+eWW0udjpcDpc1bp6cz5ln20PGffzbJ9XUlyKu/z+3LzGTp16yrjW8vR2p5epx3pz9HWT8fw/pnP6ofNF6bj7rDrce3nv6PT5y5Q9BXCzG+bKEeufR182viru4G3D3+RxKnV2eleV28lZMWcTlnlTW2eO3CvM86Gl5jKtjQqmqVE5UstrjjFkqTb0xqHgIm92SnbzahRdbRZ6908a5WnTlM2KyTcbqlHHUObLPOc3qZuhcx9GEerV0/N9rlcsfRr9WeI3T5a5J6K1Gi/Ny+mfpoeaumtNVOVu/BPFeVpRNde/Th2cRqnySvN0ocaPQuvTzDetax246+nsx3cGac/TvquYp61upbZwZfky54fQXcTpx69lcOpqvJyepxHPznvsN+Uyel4Hdw17KO9wezVGmfV5uLp1WR6bnXbx5Mu6Zrl9KzHuUq46vY3m7llnm9EKNDtw8Pgex5vfnzF2ynltjnsyKdN+ZPfq7vJ9mVe+ZghxKvU4e/fnM/q83m78rR38PTrR1vI6sT7nNuj3Z6HR4m/wAamTzPZ8/9N5NUYvl9a11SjmxVmiUoM1onnnjMlWqrTPJblyUXp6Lsd0daaRVmOiQ7rM1udWOFid7oRK23Nbro3Fc5zjVZVfOh06+W2Snq4a8+Ln7a655mgpnTpy5hOO/NnVT0fa8BdHfvV5Xtae7mdTHvl4eXTk666rsV/kdF+fqXZfl8XruL1cXPszG+q2dEVm+7NbnaJQCRW2pyoQtOzlxWfRR89pa70MHb5uuid8Yw5+Pv2dW+B2PM+kl6HpHj4ePnPRY/H5vo5+y7fzvr+N7PpeV0MW/N5l11PndfewcN9kOlLHKV9s8G7lrddhz65u7RyJmjbkq669/V5uGuXsrjdDr7vTmPf42fO8L2/mvX8vjX4pc/bZdRbG+3dDr+b15Lth18fIuth0umZllz9LLjWpcviejw+hbndTmZebfer5FfRz24Z0dtHOqXBdyrei5JZTIrSk4AWKoZbPPJa1FDFfLOBtVFqHGEd5usy3YrplQzFsoDdttE8b1Tz2NXxos3my7M5a1xzwrCvNdnrrRnUuSfPrlTfThFT1Jxktl9cU/QW+b35hfj6cta5i1rCwdHJedd3M7SrDg2daqVOTLrPJyr+5dDt5C6eLXFzWs/dzzhotj0Yn0bZ652jqWwpVvu2ciqr0wpy5nZDb8J1Mmnr9D0vJpp14nOhfLq7MVt2eC7mjzvVzft57aeHhyzpuv2XduF/nOMLqr8mWnSX3RvzR5rW5eti3zY9XPOnV1tWfevW7/Kek476ebrp9PzuBxvX056fDy9N5rMrOv5t46PpO75/wC35OnXXe+vmyUdLC48/g+o5VeHg242e11udn1zzxsnpuFXiwwcL2k4k23BssdbQ4kdJyg0wSCTiIslUMvVch2yoaVsYLZdZnsnvROiTNMqGs225Z61puyzyr41m1oVLRMz1bxfSompVadEN8h9fBgVQGYQu0FcS7coz8+dt03zpTmp8+zXktbp6ePdzy6tfJttC6vJVV6tT6vJ313ZebvyutVxzurOrpdLi9TkdLo1+fx0wq0dmatECK025IYlunxIdD9HLlXc+/LbI19FpxrxdPHbTr6mO7k1dWyWeP3q58/b1uf1rZ+RyqbduuriQ7eH0MdKb7Pl9fnIem4/Xxq3BPkxoIMzjp3V36LKuhryeX3bOb18vVlwIdWO3XyMlM9LNVHL5cLq11Pqc05LfSNvzD0GIemo4vM9jzteOzn66urg3XeN3cfdZojbNwe9570fB51Vtd/RQiLYhEiLBoGAhEkAMTGCBSExySYm4SHKUZJzlWwvdQ1bKib1plmtyrpZ7W5xjXqbpKd5sux3y6N2vH0OTbWluODL1s9ZcxXwNUxt0O2bdPbx9WbP3YZ58cp10xzKb6+ueXJ6G6PX5uPpHheXl3c1efHpnerGx2ceJ7sO/JozVw9GW/NVp55YMfUzbMdqrT0V4Z11rsxWSezF1K974uf0hI81s6sJ3CqnUNsKy0bTFKutNcMkp2a+Tp10dzv+ds4Du5OPn97zTna4Y9AsoOHfT08f03H1cu3X5zt8XpZONo9O6non5/VV0K8XPjocm/o2n5yG7ldJpux3wrpi78EMsrOmOGV9+erL2a8nI9eKOmxLk9mnfJwKtkLUyqUcgAgAYAAAAAAMSGJgAAxANoHJxkiTiMslWxzcZDnOtovdEmrqZVbmqZ1tllU5W6G/m9DlpsnjstxrB0M/SY9OZw7O/n5ih53odXiuhvo9Nk5efp49dfPu10WRWzl7q+hGzh7L6MtlfKz8/r8/ozOdOznudDK8S6UMj3O2unL0murjbynahi1SnLBfO650NOeTqM+amfoGbBCEL7eNk6L9/dwKY59M/P6dW154Z9zov6PKzvfPzWwXWw2V7UtWGyRbDN069JZJ+bimFsN1zc/Zzunz+lu81KlLVZLfZ07c/Q87NN2S3t4+XR0K720Yquhzb4lPo8e98++xTLslml4wy2yxqVKp2FlKdu1p4m7l48vH6fJ9rmyU3046UBLQAAAwBAxMAAAAAAGAmwYKUQJkQJNMHKMk7HBmZOLepRUdZUJQBzqtnXZ1eLu5tbsemrr5Oj2/I28D9Ng49Xbx6qeca7tfO6EefHNNTt04yypS3beJZjXoDhzHsrq1vq1dHF0PPjRm6Kty83Q7DpjKazGV2ehy1cnfLppndtcKylppxiGaB1Rolvvl25MNtHRw77+NPmvtjr6i6eHZ1Y44+bk7FXU+P0q+Wl0OF1i8uF0FGfbpLc+eMqqp6dbVinN7OnxJx36jncbZjGGXVxVU+p5zZDr7F9F+Mvlda3sh5Cfe52q53Yo16PU87slHXmmuyWCevJOlpZq4qcyvq4KazSLabnHrKXF5zF6Pg+hjJToodIDWdAAAACYCabAAAAAGA0ZbENNCZJxknJoRJxGWEWDkkhxFsIuKRbVPNdmjFrkWZdljnzlZDRVVrsbzyujIzz6eVdFsHhODXjrOmitqU6djp+Z2ctfRdDy2iUe3hjk6uforldaHZIKpc9sKJUNKr6Wa8x6eZ1Q0b+bGJ0efVh7pV2V1Lp2W55cuoR0Stiic44dmzBKeurg0a+jXG7lnP59dXLJb4+JR1Od1ZpziVMctUjoyz2PmeOOwcsNtley90NO4ViePfKvPR6a/n9XgzU7V6EYVaE1lz78hDkVaud05n0Of1+P1JXRjnnuJXZTy6Y7hxq7HepHVv5beUz+m4HoceDPpoN1HQlHt5pdTvkQDAAAAAAAABoYxCGgAABuLHNRYpOMzTkmk0J5iC02gTd1d86rWUYXbhxoPm7uCgZGF2s7OVo6mbGLungfLqPMvq9Hkp0U9KHo8596EJ8qfctkecv7Ut633cm+HHuMD6FCrpZnnkx6VKo441uGmrPRdbcmU3We3FCNLsdxonqNPLbj0ku/nNWTpQ7LOjdfw6htjmtx9KuL6MZMO3kdXG8enM756lZK0tWK+FdSorpzPLer0qrulzmW1Qb02c+we4jYsv0vlyN/arJbqFtWSrr5bON0+Z0y5unPKHpLXTTyvv6fKz3H1M+Q869VPzvpOfo53J9ZT0S4PRd3DfB5z1HmPa8blZd2Nd2j0Plu15vt6fP8Aq+L2eDxI6KaViBgAAE0ADYCaAABpggAAAYA3ODTm4jyyIxoQASWp6KNUdvpc7ZOt0+jOMeRHv0OfK0Xt2krrpvJ0c2Yt2OFv6V4eW377efozy02c+M0N8K8XOx7sXW1ozuivMa5t9Qq0uHN5m/ienz3V2a+T1cenoT5c4HbkrzEJ002aDRC1ZYSxw545+guldn2cvR6C3m3Y5bsNmf1OGvXxJZ7urw7snTz2zxR4bX01y23ZVCZbcaF1JXYFwWQVlOhwuUs1VWW7fKltxUW6/j2410u15W7OejmlDrS05bIMh1ObN9B8Cbz1Y0zVNWzmaud6dlGla62nhdV4poXmvU87uedvx3vny66uLqz78t8O7sZU1ycvJ0snZPJG2vCiMGgEhoYAIYmwAQAAAANMbaAbiwYIQABOGvNr+zxpclfR4qc1vIz35dfV3berx7+Ho39HhXme7dk0Rlfg0xvz8W3oSzfLk28ynLHocfm9GPVYuFroro46F19XPjz45t9nHFftZ8TJ9S/l7ZdGi3BmOfsYuVou9ks+rlutOOnEu1o5Pa5eoCu/H5jN1snTuno8uzN+/DDTrza1hz+p0+mfnN3l76FEJ0xmUMG1qorarbKkw9O3l24NJXG61aOds5aaFYniiNjpqiGukzgp20bRqxSnXqU1aMxxZdVd9XdThXw3sppvs6JTulTPZoeJLdzLBbksFoen5fEvsSolQVmq3Gsmha0aedqnezF0MtePnU6aaqkaSAEIAAABoYxNMAEAAAAxMbEA3EZISSn08PZ5vW7kdNnlcPmT0dfp158OvLmM0dNNOfLZlr6ufrbfM+jl27cnTUuLix34+iOOKwdMsGTpUb7MVt1nHd2vTIwU9HHfnyV300cSpD1a8uuPRbCfOr57qctdeq7JbDWlaUpZW8ThtWA6t9ar2GPit4uvvcXqyVSgKuM4m4yilmVlBp7aapNQTWdMSRK2mQ9V2fRPbeu6bp1V2rGeV6sqarM9OXPhvq6KQi1z1ldmktdOWdSwp1276bp6VzYduPQ6Sw9jkV86F/PprbvPkuctuSp3pGKMWGnnUpQkgtrCmqmMNc8KbI01RXdUTQCEAAAAAAAAADEAxMAABoBuLBi0q2z0fF6/lep3KuJTvwexzs+Tulp1cV66+1kw2Y1rlllpX281Rn6Z+Ytvzbs+PN2a6uShcVOpZzd8KhHFfn2VUZ9nSpyWZ3W7p5tnhtjifPva065WX6rn0SqhKcMsbrpV5rUoVWrWoNLB7zQ82M157Of0J4fU7/P7/m1P0ji15fF0+g4fTmkY9EoyWiEzWaxoAaRbv5u2XR1rspLi0x5Ob05dmrkA92JstEtv5L5TfKa5kOhkpmN9ExynFaN1vKjiHSpwlt9qvBpkqsuiG3S5PNK3YDJJrQSEJoYxRZOsg8MTNQqur1OpSi0AJgAAAgAAAAABoBgAADAAeyrow79nWznn8r5u/N6HFzK7ar1rWmyds1t10dZrrlrEabaNQkUye5Qsa1THS0skr6nmEHXcky6NK3tnJ5Lb5Iz5u9aLzK9HTqvJlujiOJ6rNLArYacha5lFRdZ0vbOG/Y2eR1nF6XlQ69uvy/o8XMU/T83RzrcKy83H0Y52bRRTvQlx0YR0rq4tJCZoknl2KDplwcjadtkXTdOeW5u7Ar1ZlRya6LcXHd99fTr6N2rz3x8Xp6urm8pHs8joirqVmlzqkOdsL51qhuqJUyjIs0x5ipRYoENZaQOTRnThOOsUxshrEQEwAQAAAAAAAAAAAMAE2rVs7PM08/V6u3n97zY8DD6bi+hycaq3L1nSv4N8d9aGCVcas9NelKoT3G6knvtbfM9Xm3s5+3PWFELaN1qtq0q5Dq3cxy9sJBGWjIXNeK2nD0dPn6lydjDzl3G+qnVydgaTE6KbcFZ66qqqFtuN6oT6S5LL1nk74vv+Y6/F9zxr+54eXF2dPn20dpQrocfRWSikRkxxbaaU5J1lkRJDZK6vRPRIZlW1w1nRLLm1HfnyKpbq5+ldvb1Z93ltWxXTzyqshafO4na4ndzxkji73dVdimvUaOV1VbYW5uVVvw9GkIxQjKLVUJx0oMFqbUs6I2J5orvq3KCYNDQAAgaAAAAAAGACAY3bXbje27n7I4qunmours83TeHpPPwlclZXr4O+iGiohKzPJldd8dqlSman0j0fnezDdZXzeRz76qfRIY99Ga1kKE+hHPYaUMtd+aVsOjjozZurUcfHj01q2J9FyXFl189cYKujHZzo60nmdwjvyy9qdeLH0ucx5q7q8+ucHJ7MaY5L00LQSEqo3RZnjfUxOI3IQNtRMzlWD0WZTOdksL0tdNRpJETYmsgxGuh3PK9Pm319MLNJEoblk4Xf53Zy49lGzz/UjVvalTsyTRuVU9Sy8zv8frljET62hJQhOGhMeW5xsxsbYqadVNJZ42Q3lAJppgAAJgkAMAEAA5Rmty1ZyZqjBJbbsLzmmPUzUeRtsi2CHXHSu1YL5V3R0beW3JzekZnD67y/Q5K+hz8+j1fFr4+nl9xunyNHB2b7eU09WPXVrGfTh1a7O3fl2+fFTiuueiNWnBRPesb50OhTTGKG2oXJr28rpnOGiyF/O9XHHVPZ9PwnSnD0dnM61Oijk9bm04Keb3NMunxNHps28edd+Cj0wrYQTHtiMpCemNCGCExNMGhKUUxgACBsQzf3/L7+bo9Tmy63x8vmdbienDZq5PX8v0Z2Mc512WMx0bOXbhtnyp06ZxSzWRFy0oTjpJjTnOM8UkySI06Yblir00UxWpIESSENMAAE0AAAySZJyyKaBNSaFOAF+zDZM3U8/fp4oemwGOTuwWHTbp7XW4+jkdfrPz+fn26IdcKub2c9+fh8Xo8n05VVqrPTNQlnadl+KV7b9HJ0WV6rZcuSTwb59NWB9b055XZvPq8GOcevp8rutDXHNmvXdn6N3H28hQhjXLv0V1i4EyOb0XDi7et5GPL1+Rs7vlPScfvS856bgej4HQycXo8nocyruc3SzAYoRkmk0xsASAGwAbiJCmm4gITBiAFPo8vVPp7VlM4c8MOzF282KUY56O1v8xZI9NLhb9K7mdbmdPLzoyjnsYKOm4g2IY5QmtTthZOjkSSSmtZz59eesqI2xZWTSIkmOCsQqySaQ2mpponKEkicWnMnDI4t6RfG+bwGjPXMt/Otm+niq0MWzL1ufo6nf8w8T9euWa4+ngxR6I8/g9jmd/Xgp3Z+IzynQ9W7MF2a9rdw7ueErs+fo1694uxwV5WXvysuXrvhHNXJ35O7z/O39zGezZAnyZx9Xjc3r4evlzx9DWzo89+X07eX2dJLzkzn9UN+WodKNGiuVN+bHK3LmhOG+m3VgsgoQlHQho0mwBSQk20yJIUE1oJwEpxTAAAE200kdPZwdcTXnll6YqDM1GPLTQyzTlZmdcZb0E4SBMekADsrtzS2yFs6NuQokhqurTXvOSGmp4qVrNUyusxvPHYJYI7a94yyvDVEdFeoxTaROGjNI264SMaudNwv1b+anFr9LNT8gej41+XO6HXfeOV6Dl6sXew8SnH6w8305arN+StKZacM4ZOXvp9DNVk9nH2czVu3wrztG6Bx87J2MvVnm9HnRW/Q08rRfG+eWGNxpH0Xt25Ol5WstfTovz1ZrFTGKO7HlVd/yPquT1egasVPJp8j7WXpT+drq8tVdtJLd8s8tMLKjKJidUZpkGCbFIESgJygDsqknmLGOJJCiwGAhNxkaFKIhqS1OKDDAbYmkyLAlFMkJjUkJtprSTTUrqbsVutrtxuU1PJFzNKEbEyirTHWcs7Wtxm54aLJiz16o6WeGuKXPr11XhmWzPhVSJDe7BPOvQafNdfn30tnJ3YnplzOb18ff4lsqdvAy+m4WuaPZ4nU4/Su53p+TTy6JZvQx9flX+tqjLzd0/P9flSq0Rv2aHns5caVmqrN2VV3t1Hl2cN5qMFLTKibc89Ofq5LdWO3Hpd67nXcfLor5vN9bg7GDPTWup1Pktxexx5y7fa0c7BXw8/W4lfd6XqvP6lz8/KVla6Rpz0ObCsmllJGhDiNgIHEaABsQlJKZqtXVawhgwBAMAUkkmgbQNADbE0AmIBjL67J20ZbLyGSM66klBp2XUaJ3tuqunSdkLENuTIRtGqVcgodwtVynJEXNhUrVrNcpyzqqOirUasuynfPlhreK1339bn7eRX3bDPEt6nGpwdbkdLab8xdq4/RjVmlYt8nR0XO898dnHTl4O8u3ly9vmcyM/ScGvP7PFisvOD0I12RxIrlo1rJKyKLdmCcqdyzi9iVJ6LK8w8/wfX+Y9rz6dWGXJ39TRxQlvxKzqpQ9K491yhAzqgSNZbr8usKmUNmjZztMNUQlHrBtQbIpqSS0NOINoy2mBFSGJMSQJuQhDAYhiURjY2IIziJAxgAAwSUk0mCacg1K2q3DtzXz08ZbU5ITbndn0TvouovlS2yFq05qYJTNKssAg5STi5tFbmBBWDUJOa1mp2cy/m0QWe+9YtvHXD2uR1M9npdFHU4ubicb1WL2ebzeqGSOrcGuxqm13cXbXbPo73zOkcw83o5Oe+p6TJHAoWt0jDQp4yVbIVWNbHneWvVRqbsxXLeuELBQjONZ00X12eUsjz0YSyQk03pswzytSzS2Sco4WgzWoy5epnvnGDzQYxtAZipLQnF5ZJIBSQMUwQMIqcQSmwqYMJxE5RcXlg01JAOMk0hiaAAYwi5MIsENwkyV2aSd2qNWHt56z9HKJxzad+e+fRqvz6YVtuqvWpSLAi5tqp2A4ObTrnKQQLBqssAqlOScMPVeoeRl1ab5u63P9D43XwOd6Ln+35t+vi7uG+iieP0ZdOXmISn2uXu0a7cO6fH4uboW5b+ivd851ebfiyE9fD6vPOzzJ8dFjncJOWsVwujpVRuSM9GyjWcFOzHssuz3StcRm8qvQmskNMAxznoL4tW/mznKm6VVKrqdzh7PMV9PH1efgq147IsyzK20W1PBFBpkZA0pJwHFqRGSYMBSiBOLTTcRDEwBJsZFITTGJpji2ScZITICmRAkCaZEHJJjLqjL05rW5w1YxPdjRbFTlCW5XUXZ6NmjPp563X57jd1td2WyUnmEpMcSxhW7AIObCoukaqlbZnddk55eXm+gy25q6ed0VyrTptfbGzpbvNXJwemyd/m+F5/qs3pdPne0vN8PH6rHh9Df1OZD0mbiJvt6uJ+aXp4Vx5/H3uP3+bwqrc/S5qsnqwqmassjZLefNuxXhjetT6I5/Qek8/0fnk/V+d7POzyjLauybt098TP2rnXgUbc3Vya67+95/d5G+/L3cPoabXzLk4u5w+uGGFkH0jRlxU2ahJwzklE05QkhRAHKUGiSE0NpOURii0NzICQOOk0zLE23FgBIiiyBF5bizUhCG0hSQxtIEmwYNoUWtIi0wvounbZpz6ee111OhbsvruxqVitYnZYOh3sKHcwpdrCuc7c1hK6eXQaFvNcpMOL531PnvV8DZ6z5t1eD1Pot3nNy5+tVmt6c4uF3eB1c+XzXqOTR5+vR6/5j6aJZZ1+Vp0UXEpqC68Zuf2qKnK4XrbOGvzqXt+dQ8zP0FEZYblKk642xtnPVtc6ZvReffPX6BDxXe6Y5ud7W3PZ4rV6erjORLst48Hyfe8H25ncq6Py/Xwuf7M9yXzyjgT7vP8ARYq6uaHKhfR09QyXNQTkkokdoQ0wTQRnB5TAbAGThatITMkLxPM7KtZlKEkMJDByyFY9qEnEIxkhANaZZfnWN2VbmMSLyma1EnDWXfmnnbrur3iACZbVbmuzXj283Tfpo1Z3PRXoxqdquTJyk3FykyCsHmssZqNjnOhIWpNQKE0sGoZeB1PO+x8/C3Nbzex2fX+E18G/e6vL+iyruJ3+f18PnezllL1Ney+7zJwhcenHE9eDedxi2To6pRpmLy0pdPDoqM6PM9C7U/Jy24qu3Q9/m+jn1dKzl3zqPQSvDyub2i2vNelhKGrkHo8qjOD1Xxu5HeuU7svOdEwaFT4ymdXNo0c+2aqjbX0ErKJR1bANJSigSYEWCYJtIBhKIicqxGmqMtKzRic9alQ6YpLKzU1GeHGRJqMRttoSgpx0AGWWVse3JE3MZHLY5JxTsCltDATQAMuqtxTXvxdHk7b9MNWNTvV+dSsdjam5siTNKssGVSkDGJIioUiiOTebuZXxuzwI4lX29s7qr/M6dFuax42aubbo9Z0/CXkO/Li9TfXs9Dzdvj10CPQ5REWUzaxSxqRmOTaM5EulThZCVO9ZsXeqN0dC67ytVTkehFDdFBs0ANJAaAYgjKIQy6K9axGxRt8QQdHM3BoGDEMTYgQJsQAxNCHFg1JCSBhKLTaaETgDmhgyMhxU4Cbi02gak4W51EnDWU4yTUZReZRc06000xNOQmEopMaAYxoV0bc22dLD1ODv066tmR3lxpTctA5PWUSbVbkwgpoIpxajXRzr+bfzc/I9Hy7scIV7XNT4OmdsJYzOcJULJ0yFfOibL78dhr0vc8Z6Th6/QFV2uNDLKKmJxbAAWk65DzmscM1rr3VLNs4SmOIrZJQktA2EWAmhsTQEaNGfU6TBdvr3yrs418LTOqCTAAaG4MGmDiNMBiEpRaBATIyFFSiwATbQCYA5QYMATIgDTTAGDTRNwknEI7LZU2zVanGiSTQA01OLG4yQkDGmMH0M26Hbr6eXref2z1GjSJt7xJuWsKQ3kJAoRso3iyGDDbg6HP5nG9Dz+tystXRaytHP0klPmq7ISypSi9qbhJk5VsLJ1MLpUzDR0eRbiv0LoeB9jx03NHTzSItjAABCVV0XqqF7y89yqDS88xWxbCtWIUZwRq0rHmwqbc4gnJDShg6KNcqPRpy/iUoOsmmmk0xtAMaaBA03ETaE8oAbEBJDaiANiEmJjGgJJMQAmwAEDTE0E4A5RBhJJO5V2LFRNb1FyjlKSBsTbAEOyvTm1vVr7fnerLoGrnCxz6IqRGnPY81NOXorjYb8noKPLc/sj6vneZq6Mdfm54nRZWnz9CJEdRc2iMmwGm02hknBimQGWSqkFkqpJ3TomGnu+c1S6fpOjy3pONWJnZzoQOTTRAmNxbSTjNCqLRahMBJWGityERJJCbEIYxDGkpAIYj4ABVNxkAhjAYACENNCaAAAAATTQ0JtA0AJjTAAAaYDTQAhADY00AAAMYnETAaYJOQmCJoIsBmrNux00dO5c1ej2uOuefej5jN6nm+sz+Ro7Of02Tgx3vsZ+aKumup5pKKI7AJtttOLkwi2NJoZIAGIExDG4sGRAkIFOdMk7ZVSC23NMfc9p839V5vpevdVnR5wBVAANwbGMAAQJgRUhtMEgYCGMQCBDBOIEk6Hi2HLzdC+RAR2NMGCBgJsQxpoQmhAmMAATAQ0AAAAA0wBgAAhoTaaaAaYmCAZpMABoSAYxNIcZDBANmlVpldZNWvCq8+7PQXU4plAZJobCJJpwcwIObRWrRqqYNsBoAYAIGgGIaaAGhAxAMQEnBjm4SRNwA0dbiaZdP0XreL9f5+9CD0OQBMGmmDTTcWhgAJjIQsp1myWaeKXlTamRAmAkCAcXS500rH05+Qg+eqGAgGEotA0xilF5AEJNMYmMaAAAQ0IAGAAxMAGA00IBoBpghpyi0wAbTDMRjYAhMAbGN2ReXqoRubjI1qLkZaGAwGgaYMEADAYCYwiMGhoGAZQJjEDaAAEIAABAwQ2IFKUGnNxYOdcGuh7D57v5+v67Z5f03OpKS6+cBIcJGlCSktyE1kEwIuLItmdIkIUk2hpNSEBHD0M1McmjUb6vjwEoADQAAADcZIcZRaQAwBiYIAAaAQgYAJgMEwAaYDEkAmMTQJjZKMk00NSASTSZIQhtyW42SeQG6ZTZoiwQAMAYAAAwExghgJgAAAIG0AhNNCaBADAQmIBoABA2IAECk4ic5VyRNA1TDRn0u/9E+Te28T3PalF3f5EkFc1koabQ8ubixSINppIYJ5Y00Ca0ghFu4pEW1Q5lYaqOHX0W+fJnJkTQA00IAJINTjKJkAQgGwAAAAABNNDTTAQmgbcoyTFKJlDQ2AADQADE01KUJZCM3pwnKeNRsYsphVMQxiYAMAAAAGJgAAAMAAAAGkJgDEAgSBoABAAgGgABIYgAAAAABNygwnKEgdN0NYp9V5L0HF730rVzOl5/m2Fb9aMxIUE6tK2VU87mkmTlWJWRcQkRQWFbBjAiwTjXcNczJ16t1+JKSfMJpMAaQ0NtMJRaEJg0AANA0AgAYAAAAAJA25A8iTWkgEwGAwQ0AASHGbmtqcnnIMphA9CYxoYCGAAAAAAAAAxAmgbAQMAAQJiAaEAIAAAQACAaAABAIBiE2gEADYmEpQkiUZR1mjs8fpx9b6H1/P97wp6HGXt8QBpKm6DMEehl1qd+a6G5gbxMrGrICZWrEadlU8KSZrM4wBqLW9fDQCcRpoABDGDBNoDIANDQMQAAAADTBIAYACkpDGRWRBoGjIwG2JoZJrSm7MsY3gB0UWDYMAAAEMYhAAxiEMTAENMQNiBAgGIBoAAQAAxAIBDaAQgABAxCGITYhjEAxCG0wbTQwbVXW5faj6/rO/yet4ErSjL9F5/RfPsdNhVLBOKknBuIpOqY2pDyKLTYky2IIjIGWQjIUSSNfCmjcRSTSAGDAGmmgTQNCYmNAAAAAA0AADABDY03Fp4SYaRJJANsk7M7jazORjogDScoNOdclrKEDYgbTQmITYhjEAxAgENuIhgmmhAxAMQDEA0AAgYAkCAaEDQgYgGgQNA2JgAANMHKDRMTB9zk97l932XQy7PI8yClH3pZ52RnrMR5vTyegfM6fJ3SYUkK4SpV6FSSr07J0vBaVTZMgmSACAw18IaKRk4sBA0IByE0kA2JoQDTExpADAAAAAAGpA2nlQHHYOIm2SNE3ZhqYGRhTI02IYAAMAAAaQCY0wEwSAAE2CAYCExIJJAAkDEBIiwYgbAAASASAABACBMASGJgwBgMENAwAbQEpRknv8AQ8L1Hme/6XTj1S8eJJermMLY5zy+d0eP3c3X7Hn+34XqaVFd/ITzyavVTGV2RbJVyw1C00QaeQAYhgfDgKRbTBDTSYJjEIAbE0IaE2IEDTYAAAAADYJyjKDwCBgMbshPOrGpCbDWQG2mDQAAAwFJNJpoaE2IaAQ2hCYgGIQIGAgGhIaEAANiENpgNDGISaAAAENAk0xAAAJsAGJgDQhoG3FhKUJJ9L1PkvSeZ7PqL+dbTy9ryXdbvdaWcHne95r1fM6fc8l3fA+i7luctw666SmZDiNRmgi3AdrpaLiqTTaiEnWx/EhlIpjATQASGoziJAAJjSATAAYJoAGAANSG2nnMULYNNMZNMsjNDkm0wlpIBgAAAAmgAE2gaBA2gYAAJgIaSExNAmgQAgAATAAYgGJgxMAAAABNCEwaenoS7uUej6PLrw8Pfc2kPKGvJ1co02wASaBtxYScZJ7fSeZ9Hwe16S+q+Pnpk+zDk5C4vmvVeU9nytHZ4/c+e+n69lMzzZEodajcnhjjDaFa085aMpLoJVTabmoiz8dq2qs8b0RNVxuRmoYwi4vImDQCQmmwBAAADYgAbGm4Tg8AmaAYElJanKMjMnFtSE22JtAAIBg0IaBAA2JoQJjAABgIYhJoSQmCAABMAAAAAAABtMAAAEJoY1qr6cfQW2Ofn82+jl0+3y+j7fz2UOz6b5av1HPv5wvS+c6uWIHPdACGgcpRknr9B53v8Ptev2YtfJ57pvfpSzWWY3jTw9++p4vt78PJ29eum5cktGGy2tNbk81ucW24CU1BNyBpxrlW8ijHT+Wsbkoyi8xg4aURM1FNIQA2mjIAmAhAAwBjakmSQsxTjQAMsaYSnXYnJxGpOLZKUGEyLaYgGIABAxNMABoBAMaGAAAITREi00JMAGNNADBACAAABtoBgAAAC3Ztquo7HBbBxrsvv+TCEo8vQgWNWeg85r5+z2fl+5Rfy/Lltdrq2d3L10x6qlnjSvz9PNp7vD73D7XpN2HZzcUnZH0IrNfipzYNvnsnbv6TRh7PidPMjsx9cgjJaViTG0huMVrNs84jQ80x6nkjk0RrNL5cOO5EVDWStptMMOKcWMGhKUWgBNA2CYCY0DGtODjrAhjQDBqSbkmhtPSbBIaGMQyRECRFhITTAAAAYMAAAGAhGSBHSEg0xPLAAGADQIQMAExoCQmDEwE0KfXyXc3q75KrXnR4Xo+H3cOVaa4d1KlFzLqbMV72zm9Lh159aD2xbrqfFtCFuDq8yzEl17197h+i8j6DvaabZeboKZd0p49eG3J57znoPN+xD1Pr/m/q/kPpPW4rdPf5nGL89hIgnO2hZeiqTZTNmdRVoZrnTDS0rPEXzmDpvBxE9tBhgCSTGJghxaYhiENAAATjNaTlUTE1tpppgMAckwTabUgY0IQtIcWtMEDEwmRkmxjQAADAGhAIFFw1kik2xSxpgIAGMTATQgAYAAADaaABg0zXY05t/n24+rm7vaezl9LLxc13Tj1PL9fyXI9l5T3/AJrNZCzl9LqdLn9Hz64JvZ6vRRTbw+bwnWQ7+pyjLl3v9J5v0nm+56C3PN+TKJHtwZL8NeXi+f7fC9aPT9D57v8AyX0nd7PnurTl2cvrZfR8/nEYK0nW86U1Wi6qxNRnUk7o11blZGC1T//EADAQAAICAgIBAwMEAgIDAQEBAAECAAMREgQhExAiMSAyQRQjMEAFUDNCJDRgFUQl/9oACAEAAAEFAl/blGt7/o8xcoR95PjNN4eW0qZblnYgHJaBu/1GalfIZswOa4V9AZmK+JjacewVOF88trwzL6KSTawKMjVV0tpLxtLamNarhalIXOA7ZLfNf3VBQeLZrK2BEdMh0gHX6bBru1YjYXVx4DiK8FuIHzPLieWeUGZ6LQmbRbJtmZn5+sv2H2/hz67QxmCxX9zFHYrrGZoEUzHeJvhvKBPJmdwjsIcqNQP9BzAq8ksHG70VKVeNQQrAmZKzj2BbLbvIxGQQRE6h+VXBR9n0yXrJLYBNcxA0BgPdfJ1Z1RqTSdnX3L1PmXe2lVDITvUyL4wlcf4tGKmhmMASzPi4vKxFbInzCkxiFA66vTAy2i6uEQGAwNM5mZmbmbTPqp7z3nsT8Z6yZ5RM9M+qlzEtwUfYfTmZhme89H4ZtQcMrVHCe2ITZGm/tT4ayGzWCoOWyIoyuBNYAfQwfH9XMU5+kehtPl8rX2D7vcF41iih7NxSBCA0WpliUkqPcNcRV7zu2orGWMdpadYhOXrxCIDg5Gdyri8mZAQ1h1enEf7eQ3tWwqONyV3I2j7K5vlzZU4xgGMI3Sf/AMo4wFXGuKkHM+Cj5Pq9IaFnrmiuv6cmNWyTMVvQ/BH0ATIEUkzYRWzM9HtRkRT7/iWH2lsQNKbdYjbLNpuDNpvsZ8QHMz7s5jfcx6Z28aqMVj2MJ4RC5LJTHybGtGarBqO5j07nQgOf6xlr6hXIKXZgM8ggOfVvvrsArSnbj+56wa/ER+4/sZCfJbcS3t8nJrWtvgs3u6LqPHY/IFxsGpf7nt2K2DXkUqanGqnv0B6pf28Y7BoyqVapptA0TkssTnLtZYjtd9paZmZZ2M/+OhDca1Pbx+TmE7S04ZXwA4P0PxUY5sri6WC3iia6sv3GuKh18atPEZ4zMYDHUCxmTbStD0Pj/pUMp4/cV7JlvGyDkFDOM2U+RZ0u+Itsqnyx9sDd+2NtGfWG85GAg9zZ1RACL8uctVV5XMqeufpwTkg12lRW+yzECgf1WbENgCp2lwyDE6nyPwDNgILMywA26ERbGqTjE+KgB+E/HSql2LNad4i96Em7IFnzH7gY602BgBlT257LDWLcdbLks4hqK0wdFWwa2OzoEsD5Hk2DcUNGRkMzFtKkcndCu8wRAYT0xxTRbrPL5AyFTRZsDYDAu8+2AzP0Gpc+/LMpX8q0x2KtbdgrDZjgS2gOGp8asDpX9tTdDoVjCr8x0zMmtta7g3C7qTxKpjDIu4+IciB8Su33dGNRmdoQSyvWpnizPESAFrQ2bFrdK0u0D3eaeNAmvfGu8cTW1jQ21assH9UQx/hzlayRXnqw9BsMGE2m0Bh7CSjtbag8GahwVyvKOUurFSpq0pyILWBTw3VcjVgfgfYq/tp7GRi1lQSoaZdx1FOpozYXqwcQDMpacevZXrzMaRH1bCvLeH2yshgTMI0Va+mQGOMJ80lQFHUBmJW2VR8kEQt2hhaZMzGXqy3UGwamxg/6hs1cnI8uy+0QuCWwo/UgRuSWjcjFdS5VOivbOZ8KDiK+0esNGVlYWFZ5cw24guYTyK4dY0+0VWdb9AiB1Y9TXWe5mdWELAAsxhbMHRFhyD7cd0J0PmY/rES8dF9QhJHwCqmYiDc9gt1NzBfrK6FBSsIZYrCV3NW1PLVlvHmsddRRa1TN2+cLRb4+Oo2XP7VQ/byuc4ZV2GuB8HT3FMlAVsrG999Y38Wop7tT/m8i1WKtdkeshlJDlpshV+MGPurPGsBrOWXGJiZAqVdo1gCg5n2wP5CfYnm0b9Wc08j3eRGljMsFuZtiHDRhqW7GIpwePdrMbKVCzaO0xhVLlq7E1yNR7Qhm2S3YFeIIwj09nCkOcsxI2hadZIzBqq7nAbodMLSHPI93UYbSyjEdTG6UfFTCAl4tamDClbYDn+uzR8tGxDV1trDbgeQtAxRhfhm5GYbsiI2YEZiK2J8VkfirhFKyiwhVQW8vkUeGw5EzsBmuA4AH7ag+CsCMve/iiEMthBNh6ABViAla6xsszBRWtfVLGu1HSyNQu7LtLK9Zr0x7e41qWJgfBo5U1BjKYNYbiVsGs8kWyCwIa+QWe2vpBFGStZVrS2EuGVcMMYLn9w/OvesSUWew4cP0QAJg3OKBVX4wpXMYeRrmZWNzVivkd/qNp5FWC8T22BqRDUZoY+IykRpkiB8s3UBmYWILOSXfFa2lavN5A4xPvJHsoXxrRnYV90/eVXK9HfEz/UMxGbMFSgBctYwBIjJlTRZPHNczT2+M4S4yh8GmxXt8apaK089nje00+Ozkvre9m1tmpJiiKpYD7UP/AI9HYdtTYPKb08VC2fs2PsVZkm+08oWmhw1FgFiNlKG+Np5eg+YrjY2Lq1WY4yx9EPdVhM2yHqJm5SMxYzM8nWcyi1tVtqsNKaFlJln23UBx76WzkW+1gMz8zA1/67a1hsT3WtWAis/V1oNJYGmjqvAeXU7B6tRoMGoGbOItpETkAzYH0K+4gTXthlRUTCcNtNjO4yExkwHP7KDpT7k427rxl8j0hIrxQGDkpPlrCUiGB9mAP9RhCBCQIb8L8zygtXgzYTQGBVwKwYa4BKziUua7TzmzbkjzeO39VY0us8jfkkkldYoy2CjUKkYDFYaqZ8jkGBo67BSFmcsPu8gKpkUcZzmjDua8tqwWsnC+5a/n5UnCQiY9KOojZdXwbKgxekg6kTHREPyGw1ypcP3uLKudXbHdQquCLG7yCGAINZb0ML9bw29oyMQvWjArD2/wqs0/U4g5UNy2x/QQ9wgAe4RbWWIdx45jEwTH9qhFyQAQhM8XYTMatNCuYKxqh97D9w8jxwjKyl8T7ga5rGTYLXpB/SzNsQuDGsxFcE4LMynJ9kW6wFb2g5R1rbKDv0CxRAJjLXWOaycQMSP06snjap6EFtl3EBW2s1wHNluhcK1dhuNrfBLd5mZ7TH4xAA7To7Oyr+0ldmjpyf3TajNjBoOtiuC2I3/FMQiYxEOFpO0sncez2kbDSajXTEPTUvqzM0etWivdTK+TXbG28eTA+ArZBbeFMTMI9CIlr1xOaHnsxYmFqpLGYxMzJgY+mZ8DG0IiVEkDAzibDPmXJQOXqXDjWdzbE82sN6vN1E3M3ye6bDY1zbMG3Aas5ZMAfy5mfTMzn6PmfAxmaiNQxhrwwLrDW0UqJcgL4xBrM2aVX+NE5aMVEBin1epbI1bKUACv9pArKchlYcyt1toS1P07LHX3vUK31OfmZ9AYpjoltQpYGskS1ej0MzMFhEFmZt7/AC97ZhXB/OMQiHoVvrTrkbaxG8jtUJ2sGLY9G1LocAdVt5Kvn08SNA1tMBR0mcLtM4AdXhXEKz4mIq5JbDWt/wCP2tH7WHpMIx6YmcTeefJFwIrxN4bNStu0ub9zfEW9sCyPYDEOZgGW52GUdOR7wdyRiK2QaxqBiaStYvUB+nMz9TNiWWSu7J2ll4LLbiLbmBszabwGW2TyTyqsQ7zSWdTwKR4u244M/TEQV2Yfg5njNZTAbVoEYzTWFnEFggs7zGfMt6Uv0DEtKlb95fgJ4S1dvHLCyhq5nBmYpimYnxAFduTV1jHqIrQDYN7RsSDGHeI4jjFCn2hlCBomNt8KleYSVWuzStsGH9skqEVsjGQjgqeKMCwGOrCZm3X4SwiAq0KDBXr4lNPvucG09hgVK2aj2Wxq8THoVDS5GrNIchF9gXqwZg9k2yTF+PuY9AORFcqpfJAWx7OJ7kDqawbGsXVq8gg9qMkLiKsHqTNpsBPmMTFfEDen4IzGyxVPEoO00KwWu1nl78nt72/VYsW3aHQh6oKmyGxF+GlpOVfWeXvzQchZ5VMLjItwK+QDN1M2EJDB1DDUrNzkvGOSwg9FabboxxVXYFrZVtHIpOuCsVw3opwVYMGOAO4GKtYlditUVmJ1MwNA81UgJDhppGQ5sX0bqAwGK8J2Fb6wqbpjVgcsgmrItNjVxXRpsQMBodhGGYVEDGACYi5UD4xsxt8YSoKG6nl7fFjP7HW8z2tDMTWFcwIFT9U2PMNS3a2CeIsGTCp1GOXIzLMiMenfQWWslQ9ipWrK1PuasZB0fZdl6mYCJmbQtmF+g/QsitmfMU4m4mZ8zxhSR2X6B2bCVrpl2J28hCIhynuaxysHIYT9UTAwmzTyBYbgY3xDmFp5MQ2lvT4it3llItaeZs/qWVgyMpbDH3LtifjHpU2CuLBaFrqDkQWBpfQGmPGEY7JKjmwdtFHZfFht9MzMz6Ziv0BEc53DS/5PYPbYggmYWxPLqc7M2ARkzQWh6QFSrtHiqGBrjDEImpEVpjIychioR4P3HyYbI8LssPKJgtWLlj5QJgNPiE5scYYmH1S8hW5GVLQHUFzs7ZZyNrNmhZiP1XkRfYuwIK9no4OVvKSs+U+ULBZ0TkeTWK2zeQ7hiDvB7V3zAcQtkBSIGEKho1MFYSMuz2k1zx5GQDkEJqioPJLaZpqRZNp90Yaw1l4RqMmePII7Amk8WY1LrFWHEAAmNiU67wpzD9oT2a+2KcHjtkuDre82xK79hbX5FVcRV7qGFHtOQCbCWNgUuQ7fUDEfVk+KB+8zlm3KyrDQN+5kE/EB9GSFMTHbuVNFup/Dg5xg18koK7AyMu8YYMxMQ9hEIhbyALgehhWMkNcGwlbRbDARYNAjNYzP+3jw9NW06E3EOYYeRBf0wsdhViCtDPGkSpVnczNo5ECda7MVbKBQC0NsbBmzqyuNm7nxAcnbC1jYYMBn5PyTqWu2LmWEtGaYhHZfxqLXIXKwXIYe5qVKGBjGPtBQI7HDbT49NuqfC9fgcq1YzWow6bEU4Cqcmr3AYZCN3Gkq/wDXuqCrp0uVlXJwLaFsNtLVlTg0upjcOxXVxCcFgME5pb7CmStJz45giA59cQfPUIbWpCq4xY1gyR0q4gHYmIJX7oE8hNK6vxsoU1FL7J8qyTHascVN7XXMPXq0fCV8dvGo1tYjWZ9MTAmk8c0E/JOjLeRN8khotzCLyS0bjq8tpKQ5WFiSK1yKQYKVQFVJ8OYamjM9ZS3YFlmcHcPCjED2+lkF2sNvkhXxkOXgXDdtCUWLZ2G2IIUL8fcXjHWG3aNYBGc7G87rbNoGn3QtiBzNlIUHOwynjxZWcltAhR5tlrRNYez4dQj6Lx+bZUlLUsCB5EsWuEZP2wNm3lOhb/sx77KqMpnZEH7ZAjsyQX5jVq8TpuPaTLqU2t2RtixWzAxmZgJEXEONmGCi9kxbOwm0x7mv9tffH0lie9ryr+cNXV9oEM1n2tQ5ruVg0MtWD9q3EP2lYJXA018kxOhE9zW++1/tKFYvLsWC9GHkmYBmeNsaHZn1Pnmckz4nmiVKwC6xDibBhZRgMuYq5FamZSO2YOonfpaJ3s1+rLhibsz2GN0G2nyxtCKPJZHtVAts8mW2wFGYHO1T+1G3jFgPI4XZLFH2tkRnmdoVxM4m3trzr4VYWJ44FfYNhga9dvb+4oezMNhi26H9SSy2bTy95jJNZpAxWbd18nKCnyLbx9Tgo+Q0KssHIlLho6lDSczEZMxhMYgiOa3N4eXhWp0BC1MszmHpa2m+9jkIbDC0XAr02g2Ui1C1oK3F9KqkD13V4l9Xu8ZEpYgK2IPdGbUBgWZhsjRXyth2V/8Aiou/brPklrLrnEV4DEOJWd5Z9xIrSgMW/JhrzPFg+PJO0Qa1LtFsQjxrn9KTDUVYLPFNFn6Y4IsQ+SbQOY+fSq8iKwaH4JEFhEFktOSbvGWYWua7xK8qFIsLZE2BjVpPB45ZezLjWZyVOCGzNhhRiVZJrsmJZx/JGRaitrGHGtlWRoQQTs/i21Yk3FBUUNa2GW1Bya8MUGQ7qp3ZrfbM5gAgxMsCmMgzO0KBQpzOzNBNJVaaoOQNbbjczNrGLNX+VEVmySNt9YpyG0MIOdTkkLLj7diALIt0bAdWDRk7V9YXLtY+RmI/u8mABGr97vpdyfdb43Q2uCt3UGYiVujcZ657jM4jEQscpZib5nlCB9rGJ8b3ZUK+SwEVCCHgbsnSL82HzW/H0Yms0EEYZliBFoc+TygMyBjYArtkHyYi2ahLEdrE8tltQpRDAxaMibJqp92VaDEz6N7o6HWrby1XNvrVabStLG1g1pNg1NCm/dfbZVjZWXUKsLTYCC2JeoFXIwa+YLGPJRQCGljYHxEzFwxalDGr1IDMxTtkeVBkq/5J4bIOO88eJ4SZfxMvYormvfaxLGMVRK2V5qdtiJtkBzgYwfQHEGGZk97rlsRF9tb7AKucxLQVUtC2VUYfcNZd9xEEQzQkk4YWy1Mz4g9FWd7A9a7PzV15FzYfO48S5cKS6Spdaw2RZxVLNQubOMcMIRFfUZg+0gMqMXp8WUr9kRczwiPV3Ztm9h40q8aYzMTExADNTMQZQIfIzp2VwErIsTlhiVDRqhLFgwrKUaMxVr7MzChFdpriFA00dJ5Ax7WCzMxAJ4szwhTXSu5r/fucVWWO176mqZN1l+a4lmkS45bsscAN6diC3EHIxKdHlVXv92R21lc/CdT8soMAOF45nhSeOuD2gTZc/M31HtaWorQ8RBEqDWWBEITEqXFK2upLZaL8KPZiY9APQJMYmA9YTSp1aZxGH7lVmjn3ED3In712xuxMCBIqlYaUYtRiMOyJ+QYoR0Vc2qmZjxnl5PJtbLr9iviBlxrmGJbqGtJJsldkv462SxSsrXIAyPAzK3E9rBqICJWAXfGlhODeVX7lALnz9NYmBYJkGdAbCLdgq1TQ1AzxBSEjBZ4xhqypqudHV1sl1YNfIqZD5WB/UknziK/ker/kPfpmMikOhSbRbfHKrltKp0axqVYRTrLKK7Gs2jMEiFSbTs/I461r3AcRl2J6imAgzxBoayhDsZSfEKuTU52SEbNjHozahWERxMZhEPU2xN8wCtYTe7PVoLrioHKbxrzMxeQrRUxYbMl/JtgAGBosU4OJrOhMZgXBJ2jjVA5C13HXbJeLp4/0jFfHgjjs08D1vnszMDQPmYgMtUGWpqcZmO0OpofRlsLWeUG3ka62VZZWIfOCHwf1OVTBY1iGghihnazye3le9VbScbU2kdmvppooUdSoghw+nhPlvJVaRqgXYtx5YGVA0Fkz0W7rt/dXlLhWLRj2T3rCgxbTlcPVKuWLByKy1T9EdWN/yDorYyWbrjGZnWZzHr2nITxot3Sl5Xe9YS7ZW1IK6x/vbkaivWyOGZURkDsLK9FweLsHpsrBxDFbUhh6EKJ8yul2iJ44pzD8n5Y5aywha7XVV5TTz5h5CAM4YnkFZuYOV0eRs1jq6WVUtUlLLXVwjFTtvHs1iPGXDDuFIpII93oR1iawLiBN3trKDHWpEHzno1bItz6bdLdEJZ2VZmZ9BFMzktdg2OGT8Y0UAeUr+54XWAR/ez/YaOmU5zAYDKrYGDDAjV5NlepP2KnVaxXgOQ9QcOpQ7RGw3min2vmy/vAfEDBoDXLSpUHEDzCsBW6snVi25GZYPdvGYGMcJYMrqDAXUW8NLZyaXpe0fthyCLVmwaV9VN2MmAdWBNGoV5XQFPjXLOFU2ajzs0CCychQHCyt9T0TquUpWaupWxTL/wDHV2i/iPR6diKWZK2ww97DzzwBFX46w+SAFWbbMIII2IQyTOYzTPQGQK/cLwILnhPajBdk1z6Y7U+5idgTDZ0tvQsWB0M9uABhqNy1I1XBhWEgRORhazuoijAof9xhvbaq4wRM+gMGDP04yaGssP8AjiBbTasPUWzMr/eh49RBoKEt3rkOFw9U+PQGJbrN8g2hYW2JxCsrtGv4VmRlvVowDC6nWfbC+5Nvjr41W6nXJUGGsiKcT7pfW4isQa3zK+5cuLVfvye3zEi8bqGKHylob8APFuGBhw9Y25ag3eKaRWKStiyt8FtZ58Cq1ba7KiiB7fJZy9YeYZ+rV5sdayQFCM/jWPQuMtXP1qReYkXkDVv3AlvhXzpyBdw6wF4rGDiMZ+mWqJZXVcL1MI3N/Mwa+Qgq8gdGqYlVxFrZj45r7icR/sx0LMzboY1x6Z9C02h+cTWYhrOSNSF68RiJiNrDcVFd0XkkxjtNVX0spEYFWQ62BtW26yAc6tjLLx/a3DwTWwbGIDEciVWLNYTLuLU8bjMspAFQHWerME+RlgsTVn2A79MmGzWLyvaMODkTufAYgyuzVS3tDd1XdfdLqNTX99g8tmhpAMzM5muZgiA4LUJbPAa4h1hAcXVFCLHyL8BDtGdWmvoAGL0hYrlCLQ05CoY5xKqt2Va4pJhrMWsb2cfMKtWKeS2vLKsbRqwfsiC1klZ8qJb43PJKt+sBNt2VKwKxKs6FObhfH5ItXji0tnTMYaKUDTmahlvasjnOxq0Lv7rK7GrNV5shAwlZAXBL4EK5d2gLTE7WC6KxaZnc2wNfaXmk9xJI20xFUmeONWcYELAQWYO+Yp7q+7H0Omwdej8L84n/AGy0p5Gyl1j4Ms4weNSylRiKcFGlleZoRDWbYi+FksyMRiRHRnjUAzxMpbIIMK7Q0R6Yu9bVcjM1Ug1gh6/aNhEswC5V1siX6huQChP7dTEWfqA8I9R6EgRWnTBkxCcAtuHZZpKxgZifdjpbgW1OGWWKVm7RrsGlzKPe2EEOiTG08eAftLHHQnIbY/EQ4ZrNoHKlbQ0cBI12aVYwWCLWCUC+RuIhiVss8WYGatVvzLCSOXaVryNXBITKylTYRxlE8fa1WxLNFBRl16vrJllmio4YAgKKvILAqljsPcsq5GpUiyNxw0s9s/6tVZuBhjTWzA62eRdRZGfIsK4LRouNV7iPqUIZR3NJnsiOs+AOwcqemEQFZx39xfdlOgLbTxLnTs0Mor5bZ/UVOKnUA1ZgHeOj1DMenRj05PattMgw1AwKAU+wR/mzqxui/uGuBsYCcm06quFKYi2GadeghXafbE5BEF4eXMMO/jrQ/uRZc2Alvji8kORb72YC1nypxLfczUBQHZTxrFKm9a2P+QsJr/yOsX/J12GzkABrFMaklm9pP0ZmYWihGXQxbGEr5UXlFm8y4WwiJdubv3Dl65di6clFWMrqPCuoXUJWCBhZ2FerzA8fwKl1jzkWqisGZPg5jWkEHo9zE1zBXiB7FguqarA1r5WteVeZr28uISW9Xr2mrZasiZ6qYMmsGVIsMFusW9WntaFI9WYa2Unph865ncWwCLYN/Lhg6GKlbQ0RkZY+NdTlXOx2E8mYrZnyCPUifi1FZmCodzE5EzsDaRF5w0V95yGBhzgWhlJYwL1/3B/cr98dUmiwV4PzMY9DLF901OWyrWWs5BIgdDC2sPufkP7ls0lduwSkMqLtVYp0Yy1vcDBUSdMHxbQ8VlmH2NpWFy08jTfPriY+gWazjucEe5OL7jx8k12oVs2GXROMnkVU99tQMNTKTgwVbqFVa8wGeQQlDUqqAHGrGtpyfcicZAvIPQXCqC80mk19AxjaGH2wUI8ep0GpEyQRZmfgTE1zNMk1DArCkb7Y9cRSVPnaeYALYtkZQ0arEziFsnHpswXfLB2WV81wPOrJ5UM9rQ1mIuCz4KDFivsczEx6N0COrLNmC9lAIisSThYljLM9MxJQ+Ob5AYiUNVqB5OZS2hWzM3gM3WY6x6N8N1EfM8asH4qNG4pVvG0Z2DO+0YR1isVNd4lVugLK85FWq21mIMGn3nxVgWEohyRZcuMTE1hX0Hr+TFOi0UC+WVskVmWC02MD4F8yvCUyrlZXeutd3t9zR68jFaTzwcgCPyHabtFuClLi7t5C1tlivVbhHueyG0rUWhsGtJ9n4OApyY1qrDaxIaCV8oZsYFvFtZYiiWVaAGA+ggGTjuzoNcVm9ZUrNJ3NgJnMcyqISFLduASLCqqgZSmIY/26n0UxG2WuhQCjEn2uPuusOSdLV5HYtUw+lnxc2K1+1cmdZB1GAZrj0+IT6/gfar9WL7msOcmVXspWzyFuUUKWq4zCwjdy58Grmmp/LvHtRAb9vTEaMMAQdwZwjCO3kQ07IeCxgTwwcmPyZbcGGZ+VmIwjTMz6D5/7DVx+mesUWMI9wtlbLWK1PJlvGRa6OJkDjuwPFIAd6mr5BM8+Itm5yswIXnXh1yMdu7bNkvnMrxXTbmwmN0aLGrRc2tsJdZ7fQLAsNQdQbeORb+ojOajbd5VL+zdsC7ESyt4KjBW0sTvkV5Vq2ETlsqraHDFQDakLbKq9A4g+34muSwnxBcWmilWq2jArMQRW1lVk86xiDZb27EFbR+2rB5nVq78TcTMsAsj0NgErBrr8xkIhs9CfXMHUIgghExNIvUQjHRlqMYzvVY3IJPmn3lg8PQW1gq9g5mMy3OcxDhkYEIo1dRq7Ms/U4jHItGDk5hB9A0zCY3Y9M+uZVy3qJtqa1xrbj3DkW1CrkTicjJHLQxr6gGGzYizKNBxuvHbj4geLbmv8LpixN5+mKoG/bzuNIU70JiY1tzt8tAkFeIFiKtkFHtv/AMdPOymwo1ZrZULzMq9o4vlMV4y5l1a62ohjUosGxHgJljokVtivtgiHI1h6mIRCvVduGFymbjXCuGGsDYXtqw2B+oxGvLGt+2fJUYleQ93ZFhU+Ut6bSxNo3sit7Gc5JHpn0zMzBMIx6CEZms0mkToAwGEB1u/x5niZW1xM4gAMNeW8JrbQa2cU5Q+MtxqrY/CsU6usq5WF8ww1uSWnlaOqOLKwp1hXM1mvoRG6P8GZt2rK1vIVfIC1bKcnufEVQZ+naYxEdllHJ9jVUOv6dsrTiBMvjET9teQ+R/17ErY7eRYHJWvGh9za9hVz1gnMawJFsrY08wgi0GcqhLZo9LeA2h18ZHysqXFYj2RgAoIxYrWFjyEll2wdCteexcYDAcqthnzCgMxgeMure1anCseS82ZR52Db7rnUZhmYCQVIJfv0sr9uBr9DIHB9pcfUILMwATCEazHeIsRA0PHngM8RmmIqZFtC2B+NpP05aFTF/bnmqsllOq9sl1BAruXG5ZbKZ+mUK9BjIZ8QET5Ldg0sYwZZmKZj0ZQ00ngaePU6Bh4MKammpmPoR8EnY5xEOJorx18cHIZTWUtn6MGDi6zTxzyPgrK7ESUW7OQLTerbdxSIMsdFUgxbMCu4AVqbATmG5gPMdSck0usXZSL7NrL1sGNlHG1fl8c6BRA2COSNfJ7bOUog5BeUMHrCTTMu4Nds5HFvQYxBEbERgG0M01m+WDYgYGYGH4yPEoesmlrzdR44R9GIQRNojiVnYaag9gN6Z9BD3LF2BrbX49RApJ21i7SssTWSIPdCsHyhxK5iEARhkvaFCP8At4ZwWCDRMOk0JitYh8gsHgYh+PWqJVYsCklg2fbCVM8SMr/4/MPHtrKMAVO0HGDNdx61mkC4GgaePEVcRfcfCph44AUHQ/b4xDXCMfQFM0MJONyEWz9tirzJWVcsBPOuPMJa250bZkbcP42a4iLZmMAQYmMsMs40nQgbsFielhySfQ5hUZ1gGJx+QRFKk2oLKz/j1VTkWNYwHlYgsMZInF5Xiau1LBmeRZYwZeXUurLgTbDMwwCcDGi2GKu89ykWQNFs0NmtxuVEnXriY7ITVuOc+6t1fInRHxPmBTMCdywEQWYhQNHCiYM+Ird+zY9utipKqWcNdSiKQyYnxFvIgu63ObuV7tvctzPYrBVdEdbUKBLsgJkIBv46t8kTqMIxKFbVYvSkCEtoVPcwCr8StkPHNavboTyAxfuLYVgvGqPmeXtOSsWeYCboQ6rGHROARk4wVXJxiDMDLA9WBWrIatq/CEmjNCNSb2nnMF8F2QOw6IY/tABZQ6ov3TQ5V9GZfIXQAeJptqT3LDgemMjXBxmYmdZWw2Sz9zbMt4+8dSHx1pD8RXNcXmvj9TkHl2Rry67ewHMYe5lySvtBIC661IxUYWFPI761MWzHfCQnPpjMKzGJsIoaOm7vWylrCo2EV8lfk4MK+MPyMwDdWwJt3lcliY1eo2MzNsms6WfqXssZQQ5ZFrtZKg0L5inxxrTYPFgtVs1Sim1mJs8vRtRk8UrsZCxDQgA+ZxNtlxhLFWxbqdVr8tYW/aeXMDzPbX4nkDV2DWX2NYc49R6dmLYyzzBx8L7ghsaCyZBhQmBcemmSFWJSzTwPqqeNMvCljHoRsElJoRBkAWYK8jE33jHpCciZUTCsx6muB3YTUqx85PcxADA4cMQBkTPtYFpZdqP1DaNsHe9FjKrsRhlZZgGGvE0mCsUgzw9azWeFoBq2d4g78WItW0+0Fq8GwiKBk7GGt9dZrNOlGSvHBjVRKyB8gejVo0bjLizj4jft1b+39SWnTqpIbY53wT7j2i5Dq1cPzmK3fjzHTBIhyaq+0h+c97ATKmNiZIgOZrA03nUx1nIir7VHtspyq5qBAtmvjbqfEuTYtfZQy81Ja/ksx9CnErxYy8IRuGwK1sr67tYB4SIralLszolFwa6xY36KWUupHTC6pRuHn6cxePs1nH1JYKd8sRs3hXbXLeEgIgWDBJQTXWNyGzuc+Y4qsxUvZsfZj1FPSe6IWWzskhkima7LZwtYtNgCtmnUMORXaWwywHMG2NmyLFhG0cTdgEbKhsjJAFiPNcHydq+YzwWgz5nkwEJMAhWFYqgswURVzAj1ubRqXWVsAqsHOkIwpMY7Tkj2H7JX0V7hENcbKg27CuMMmxPd4wIilp4yoVvaxmBAPXPqJjM1nuB+Z2IGz6bAwRT0jzcbOQQye0ACGMzR71CvpYrLg7TbMxNJrMTJWU8nULyMq96GeRYzqS+M4nYgLRXfNXJQN5ssWlridQ32IBbYwW1VnkR5ytIIYqsEqTAZSTa4nlxP1DCG1mmfQGfjfC5E+TiA6hHwFrrvDMIaQQuVKtmFZgQL1qIeIrS3hJDS1RwDHqIgsKxtXDVkQQD2qBjQGa6StS009z/KriKgy9OD47Flfa4OCvS/cNvKx0KNiyxBm6vUedol+Ep5ZJFi3y+sKhusrnkLnMbor7YrwHB2VmsPZMW3WAwlTPHtM4m2JszegEBgxnbM+JvMmZMBg7mfTAjJ3gqc5mZtggxjmOxU+QmdYwcPhg9fVqFIWPquTFxEqDr+kn/5+0s/x5WPvWrkzcxHxM+4rmdQ1Jr+n68CqQe1IaeEQ1x06evokJFfeGpp7xK02JCarWdbLAkPvj14hBHoEgTMFE8DQ14XxzRgBn0dDlAVC32YW9llFvkAbEUwidxbf3MwgS2sOP04SePZX4MKzLa5ETEB2VR7RNjFI2swHKHyj7myU22hGr12gwCt5+lWeBkssrU32EMgX9t69lv4wxgiA4lPJ8bV8vy2P7legAYnyzdknWFjNsTeZzMwOYTFsKVbRR1+M9Z6UwdwdeuYBOhMkwNiZzAYGOC2Zt3Mz5nxGIK/9W6AOY9QyylZYFsRuDlWpdCIvzxypdVgyIrYDnc8q9EVibVPHOoQkiifpzPtr2sKva2m5MQSi1cHlWMV01xljZWJZxN7LqTVbVsIArjwosTAmZaAXtcpA3b/ALh8OsCwVgAYEQiFQRqsIGo41Vi+LUldRVQjsyI0fhCNxWrlfKKkX7nyhB+oTP6jEGLLG5JRxy08hfdygDH55KeNtvcVBnixKw0GwghgEXWNmJRtFSeGeEWD9PqBUBNGEW1pZh4B36FK8Nx7NmTt6yppOrV5usagaPUVVK8CpN2bg7S/i2VzWFZgzHcxgawECF8zOoBzD3F+BCe8eg6nzBNpnvfsMYGwxMAgQmHWPbiGzvyzydCzI2gs7az3NasrvWLranI/xmScowJLUWlGFiz9Sxb8Nwdo1TZ/RNovBQKvF0avQiylZZRG4bTxFZ+hZ4x/TttYT5Ss8zEbe4c11f8AVB3rXzWHFaNaAv6mfqCY1usK+VvEsBxFq2CATEsBC6lSC1r2Fa4hYD3PPGVnyX7gv1i2bFjlWryEr2us4SNHpsqHutBQ41xLNlZLzFbY+Vwcq0uQM9ftKMXK8eCtZ462h4SgeGeLWJXscReohEKiLlYWybD1uRAYB2phBg+DcYQLyaSIKQZRWUZDkuDswClKRoEwCoM5XBDxuMaz41weOIUwS0JmYDiDLHOAvZz7Fg9BGPa9k4EzC/bP3tiKck9kLgbe1nADWMSScn5xA2BWcj7oY1BI1lb2VsnKOC1BltIL08UiKBnBhXvvUNgJdGtR55NVX9wBrElmbIttisLVcN0PHXrZW9h/TrhqDP0TwVaR67LH91TCxdtC5/T2TxKCasz9NZiutEQohBqsiYAyJgyzxtCWAwFjPkqcDuEGHOTkn7ZWx1PuC16s9/uewKKitoalo/sllrNAxWLa0qs1LhXs7BIyanFUpqLwoI1MAZZazYWxlYOrDEEAzO4zGGzB8u0+R/2Vlybe3uKz9cik3b2BfeLmUgIQq4OsZWMuAD1XrMjXU4+ZZWCbTqxfAZ/UmAYi9suMgwe4AzME/wCvyc4gjH24M16FcUCCZ7d+hNi1mAprr3LkKuf21bqtu9gIrYrAGQTAI1QycoGvtYV3VV1HmPlOUWNb7T8NFGp2bZbSClmYawT7Q68dcvSqC1rS6ckojPUVW0CG8EM1SA83Y/p9oaDmtjXEPkh4leojOMN7pbf4on+SaJyVtj2uH87Em+msNe7HyZgK4UFoFxPOHOQSa8wVJg1bK4apt8F7K2a6VoQOJcVs5HCS6WViuHjhmyqNWffgQowhpy1lZLDlLSoZnB3yrz8OBBknMB68wUC7aZRV3SwNQTEr8SrRvDx9QeO+tvGeWLGzDK7mEFistTdZmcBtHN3BBJe3jrVzfIoKmWrORHOTn1CYHzM4CHvPvJwB1PhtssxjPiZimDuAen4meoW9xiL149mJ1mu8t+w1YVQViCMMgLgCuKO1QGPWuG4waWUaHGIuFPH+6P6YmIBCemuKLXy11F4cMRHXLla1GXMa0zyQHJ+0VuxniyRbXWbeSzgcnVRyxH5ZedTIMrBEVMyykb66tqzRuOTNFprG7LWuqnhkFaWafprFlVaFXUqi6Y5HH3e2nAsXNS1PK3ACWh1s1sWzjOCK/cKn2bOxyI9jzcwGAWGbBVV1ZzoZZxrhCr7eVg3knmUM3IsErLPYOU9SVc1zP1aslTB6vKUiOrxvbLFotHJ/xbCGgrNdJUrMzcgLE5RgcOLPssJSJc1sJGqBqw75NtoUHufmLjOcknAJgMB7Y5bbrbrPWclm7zEi9HMzNhAZnvbM+J9x+B8L+B8Gn24jplQMEGGND1P1BWDmw8jcaITouWVoHKSm4Wqy5mk1mvo2MNgq1fSWKFSxgfLlje2z8qxh6CJhS/JJTOFXtdzCcz5nxOzFOprsJHbRRCiKGcl1aFRbCAieU+IHEWxGJSODnUywbEBVVvct1bLDZiV2kSi1mtDdjqU0A2/nAM1ENSuP0SZHHHkNYjUkTBBVbPOEzDTVHoqMu4aWSzg3UzyGDtAsLCZMruZDTzQ4fes08oOL6Qyl+TUzN54+qQn2msGdrONyBgtvVaQ/HVDWeLo1tlaA3gItrbEn1Bgb0+fT/r+MzPWfaD1M+6Dr0YwfA+c9/mfkehMGZnoyw+5ej8jxRmhLR1lgxO5XcUPnM/URnUqrsh4/PEVkeazEZZYe+RYVC3mBthXVYA9e0PEGLOOywqywMJoMbGbTYxOz8GfEBGfTMov8UTkeZv8Asb1nvsgHjiYLX5YryBY3SStrYlImiz2NBxkK+0120BVtr91ZBNXCVAVZWzla16/MEBgjNhSWi8tcjkIzIo1xPIMgdsxtNldlYdEsnl0i0JbCuvquZVy3ULSlsWx1tt1escVSBxKZZ/jVMbiFTZSa4GaU3YZ7ga1XCo8S/c8y3Z7G7PpmfgfRnpT1mEzbrMz6ZgMLejNiA9Z7mYOhnst3+VJMB93zHHvs+9W1iwqGjpgkdkRlzCszj0zMzMW965X/AJFxKOdXYDq0sdBLKXd3VgRWVg5HjlVtNinAnzOU6uSMQHEz6Z9Memcz4mZn0JmxESzqpfIVXUATxFiKl2FS8hm8tEqYLV+pEawtLOfVQvEtN5rwUulixk6qvsoi8yu2pk6R8Dy6KLK3jWeMLdsBbiB67VvBFFaKgpUNLrMwt7HtCL+pZmr6V695yeKcuYcBiYYtfSpmJxczw4FefHkb5zC7LByDByMy3Frc9AkORFswTaGAaKfG1lhZ2Pf0f9fU/OYDM+mZmZhMB9Noe4TAcHMzB3D2W9FintW92fcezFOAGhOY5ydsRNd/GSxAhImYfn1FmF4obR+RgtfYYTkgFjaATqyFLX1NmVClpqxIpYx11bxzxNAuJhmNnHCkjSBMriYmDBXBXkjjyoNWqUWPMBYRPiA/vU8ls3BVL8sqbL7GbfteT4zxucaLUuVz5Esdo3SsIt7KRYC1i7CtBr+GBAw0K9i6xBvlVL5LpLC7QWNhrP2qNvDtLxOZWFa5NYXm4iP3VcqxPjE1xPF2a2B1jLg5m4zdX5Ger2mudg+d9Q3bN6D59R6ZmfXMzMzMz6Z9A06MMzBAc+qmfJJgMz0vwx7J92e8zaFoxgHanDW27D8n6AfXYzj2VLFCWswFcb3zFVQ7sdAd8qkFujNx221VIDxhCUtlFHtPGWyPSKVusDS5vdtiIN5iCl4KRFqVYD2oJ9NZgzSAnNFnv5F6WW8z2xs5YY9C7ENd5KOMffnLOY0SqVVlrfGHJpxDUVDv0YggwQ9GJ2IviZ3GIRiUWLtVZsoCrC3fIrFq2cYYbj2KNoHgs7TmEtRaGQTE0hQRq+np6IbPnZYt5sihCv6I2m2iyv0P8mfozMzPXpmbTMEWAzMB9PyfmZmfZ+MzMDTOZmbe4/c3fptPHWR43nhxPHPEYaiJrPzVayQ2O8YxbABWhsCqiT2E2LvLa7Vlx3ApiITKS9Y808lWz8uvNyva/gMVeq6lVdJhDNIBMqsS1TDdFbIykVAJQhZx1dynLOe4wGGq6xApaU2GpaztW0aPd414NieIih7fOyRrC43CqgFs8LKVt94MdclWr8r+UWZ2jMQeLeFt2CwZJsbL2J3v7uRxKHF3GspO0LkTi8sq1Ny2r6Ylr4htTxmrMtGLM+Oqs7Mtr0nOGvUBv6QmfTP0KYDMzMz0Jt3mEzPQPtm0Jm0z3/2BOfHktxBGqwTW0Gwn5VSSK0E0VyfGp0BnhOUjcbrwGKSkazrzWLP1JILsYLMGrleU+SupDemuXaESsEnJaVcUY8aEeHSMXdlAQQMMjBNhw23jgZrJWQgERsRm05fJAW9kOftbOY/ZqbV+NSlrHi61fYq62V3cIsOVRZpxj4T+ptvZuFpD2fDgqesK0K4OY/HFjV1OroquX4+YaCJx7dF/VmxRsA1q5bkqF91ke0mphMdlpxOS9U4vLS9WfSeXJe5JyVa01cl6S1a2HkVncftLxQ7NyUFs5gCk/wBvMzCZnEB9MzM/GeszMJmYDE+5R2VE6hWNWYpFc3Zxt7d+qThsszaGGsgeMeE1ZTTDHJLI0InjaFcEwe2Aloc4rqVIOzVVo20P24MFGZYupZemMWxlisHZtWOjGBSpspasKcTq0vYWcW7T9NW6vxBEq0XxeSJxXrs/VLklXQ8axGqv1l6HkH9P4m4jZmMyypGRqLFht1bzJk3Ms8iMNchbCkrZdmwJYsJrQnlMJ5mYkAw+RLBdtCAvo3yZrK7DWyf5DM5d+EXkYldu0HKDNV8P75qkZc1t1Lzlm/sA/RmZmfTMz18z8ZmYTCZmKYkQzExOsv7pYq1hWGEq3b9J2tFiyvj9misQ6rCVaXbEE+Gb7SlVK6q8PC6Xj1qHTZmo78RiVhSO4UgzK3MuOxFmo/UNByawLBtNcA+6MuiqSItrKRZlrjmo1qVNGGestZ4CrVMVbdZtmF2UebELrnyuCbDGIAF5M8zLYOV+4H7suzGYIltwsLkg+fVRyAyIo1SxlHe36xQbubvHr9mTOxK7cQWKY/GRo4eg+QGGFswGYnezbEWE4RmR+t1tepquRst+M5cM9mEfMP8Aaz9A9BPwDM+mYfVZWelgML9N1DyGDlwzVhXKnRSMt+o1GwmZa20xrPJmWkOuh0qGtdAzCIzajszyasjs8JGV22HUGxBVZhQGtEJARK1efauNocIGR2J6mFEJmgdDSMAmtAjvHCCCpjMXbZvEFrRqdwSSo7L0iyWVFJk4psCRHqsjMZ+o6ssNs1njzGqnjiGV2q1FvG2HJBWZgczTMA1niDB0NZW9lgeu5eRxTk5WDOBE7mMxmYE2IZiuJWGnixHXMAxK+2ZfI3JqKh1jprD/AHM+gn5JwAZnow+qfNf3L1NswERh5VfinB4xBJ0C3W489k8xLLycq/I0ReUI17WMoVR8xAcLX7c6A3ZbyqIyeZP02p+CtaibOZ9sL7A4VW9w/TgBt8o5orqd7obNAbOzhgyYL/NvwgDVv7ZvkuSK0FZG02WbUgNULms44rjWGo13VkgTbEKpYbadSKykS8rPAzsqlG1msYQ+0AAzdltT/JupPIS0WqBbWe0G80BSv7Su1TJAfctxj07MVyAuIHgsxMAg05PhgV4re1mzDEbU8bD8jk16vdUJbGH9fP8AB8T8+p9BB9wIV2UNGGgHtfjOptyuCKyrIsd8wIuHqBDVlZmZ9M4K3YFfKCCvleWO+I1qrAxMQHA8mvxPc03g4+R4lxquA2J5GMN1dYWg3sbAoC9BJgwsBHTZnTZi7sC+iNylmzWMeTiG+wxbtoLHQeZwAe1YS/i7P+5UycyC0OA2jG02sXUJ+ps2qsoYs6757M13l2yoG6bBipPGZ4ztX7GAwzv47FfCo6sGrxOw3Hf3eBbr345rbw7Q1lQhb6GXHrg5F2p8mJddsDD/AKgiNblTZaq+UGM+WN7LP1jw8gvGJUrc2KzsnyqptHqEetk9MwAtNGgrMFWYAUFdN9gFSoMUTCTxjZz7vJrNyZnqZiq7KBWoWp2fEc5BsFcWw2xQMlMRfbYh47w8XaNwnn6ciDiuR4gg8WwYYItIdbQxtrBltZDrnZXMKkzXEPc1mSJ5XBW9gycxcrZU7cnh7WMjVsrkSu/BTx3G1SjlpeC05VBUBsCu1sm3ewf8nHs0cMHhGS8yRFdTMGYKzcNMTGT48TGUdThvg/38/wAP/U/8A/4mzgzPXZmCZ8QWZL65gldopqqt7uu8pYD0VsTj62MVpE3UCtECszu3kAs3mYJ8wwKDPExHh1BafKKdQt6lD7pbdrD7iFxF6m02GdpXfYrJzGMDKyM8AQq2XrSoa2UZjK9bJfsXGwZNBT7mayNasNpmxgaB5mYmMROS6w8oPLawfQZWUBtWr3mCUNYZbeIhh42gFDALUVcHFi2wMDMTx5hpO6hwRUGh4wy6lTkiUWZsFimb9OEIK9mH/T5ylYOsNPkFlJrg+AcRbFeWcc1hQtkHDOqVs1njEYY9DD6Asspt1nmzFZiFZ8Glt1BW30LkQ2YisJXf3+HEsfEqsfxNN9F7sYjB/wCwtxMTBgQ7EAFeikN3VisZTY9dlNoaa5jJtLaPczlSwMdtVxMwDMxNYVx6BiIGzPkjptcsQUNZDKoyoHWPT8azSOgD29XOcSttDW2SjbEYmoaZKhP3EvUCWdTxZPgyW4rQ71kmGH5/0gmIRrEtyEVdfIBFKutq+hr67Er7aq01vRZ7joj4a6wLgivdWpIniMFfX6beNRpEsYSpq2TQQ1IY/FGHVibAKl8JsmiqagtY7dmaE1xrzgnJNmSrqKzO8p92QILFwDu3Sz5mSzKuSKYavb4CsS3yK5j9i0bLOpqDNIKppgYmI/c+DgGYInzB0X/cOup4rEqPjExD6MwWfceSwa11iCVrspq6qqIbsxV6w2XUyxl8m20UYgy0sTJtTDn5PylYx+mLxqnT+7+PoWV9s6gzxnALpNpVbibMSq5KoSxqCpo1kpo8TW7ORWwew4fxkGrCgIli/pzPEsFYWAhmahM+EKd2m83sIW0ePVHLCdLD955KsdsRrMw5MxNeisIZYOgleRu1kYYiWlJV3KwzRKgsqU75/fxFGYyQ9QmZgAhEx1WnWRnUGMdQGOPmGfkNOjPx3qLAVW1llFy2LMTEYxhiXX5Pk1htDDYynklYvJAgvQzYCC9dlxCkt4quBQ6NVUdq8bMuTeP3WHZ+amlBBS6uWV6t/oV+1D2q+RUqUw8ZS/6TV147Nfanhbj15hFRcsJVx3aUeMS2hWDf44k206MFDKKwFC5nijI5ln7MxmHZTmCKN28QhbxqS+DcdmtUwZgBY/pzBVrCkbCwN0w2PjUCDImpMPz+OPVpVrmahVBgbedCA4Pky7fJh+4Ht7DAfaLlA8jN6YmvZwJrO4eoLolkVAYykFGNbUchWDWRrNZ+trELeWWopmkFWwNXtNXQYqA+Ytx1ZsijlkRHDLiPWCDTiAKiNLe3f5YRPupbBfsXpGH98RVJOmZoyTi2DyCyskNpBYRDZu1oyFU6rVFq1mbQK8hk5ObWwZYyJB4nUIYpMyIXlnj2fct5ACxRozYlVnuHJwfLUyWhmq17WowU5iqFELYHkLkjEPcRGzia5mMDfquvMIBbJCqJbNisXlYdrRLLPHWO5tiCyFTCMBdZY28CRPuhELYg7JHpgGPV1giBzlOQRDYtkzH5JSNmyPUwO1gmQig7RLSpW1SpUYJSDjkwUNhaxq9GRQDUK7A/otk8ytOQ+tTRown5UzbIs7jiEf3lOJSyk10IQAAtlOyjIK8ixSlotbxjUVHIoBC0AQVATQYfjbqOLiD9ueU2S5CWPLuQpaMW3oJZyWC+brzG5hx641q1t52M8iw2CF8uLmgXEXqLapjuBPJA28JxBVEI212IoVZpO2g6lbe2r2v5S0NmB5Asufyr4jXKrO7NrIRhQgAJnlmwM262g+yoew9T59FGIJgTvOYy5hHc+IcmKxEDFh5wsa/dUdJqlgeghjnbydK48QsMFsW/MSzrcOK2rrKPtGH7lthr5Vt20YwzExBA3tPwwjCEf3fH7Rx7AqWmspyfZ57CNsSvBLV+J9rhPNaAnJsIS7NQsYqblVUv9tbowwkakQtqW5apLb/IRfpLuY16sntIjWeI7kksZmbDG8U9gkxrFhdVhsYxMar7oK2QM2J5sGvl4cWhobMRasKR2h1sQ+W04rmZfeTE5OILFcN8YbL/ACbEmdgyzsQNM5jHpW044Y4DdAj1xCJrPzYmYaysx2pwQFMC6rqHjVzuLYUC8gNGx5WqUNjsAw5Ugyq4qfMsN+0TkvSa+dVbOXV+/YfcTM/QGn416YQiH+2PlZWg8T8Olo/CKWCpmYcBBP0zKy1Ey1IdVK1xQqLRySyeIYervwsIbAg3tslti1K/ZPp3AOsHDCEQzUzImYAdtyQEABWM0wYvJ0QWsZjzM6BIFzC+p8xMsHu/LDUpaa7FbJt5OY0MDEFuS0F3WQZZ7oc+ufQTYmZ6zAcCo7KJjJPTejR/g4m0LZi3YC2BoyMh37I6x+2GM08kYFJX0FXyvYFB17HQFauttb1wGLYwDNmEzP0ZgPWfa0MI/t1Llql9wXotpGcmK2kFiz9QRHuEYgr4sF+WTFdpw2BqHwTHG8sFdQPIcjx7RhCk0gSa9sOmXCsMg4EOT6q3sq7DNqGcvOhOzFQGBAIrnXSO82Ockwk5sIhOzufdaZtiHv1z6ByDvmN2fpHooE0LwVFCrxZ8tiYjS0YEz6Zi5ld2sfx2KVxCPYFwudYvvjV+yuvSosSd4jBgOp5DHRSMYmfrzM9Ew+h/sgZKLrOJWAMgxupoWjYDNyUUpcCHOVsyAp3BKKArGJZXWauSwDcnMflYPlBjtkbGJ71KzXsgCflrvdvmWY0xNZ44aoUiuVXtpoZhVirtCgmAp/UR7S8PUwT6Dj1ut3CVl/8AzchqLBLDtYRNfqE+fpzAYIsr+3XMNcx7QuIcCZJjOqxm3jH6AcQMGlgwWyJkCD4NYMxqUt3boQiNA2Itxnnnlyds/WfTMJ9T/ZpHuqXyOEaG9ljXNg8gBfOsN+T53htyPJ+3ujKSqr5iZ5p5LJ58ywjPc3ON+q7dYtoYZwPL7jaT6AwDMxiD0yI2M4gIEFbGftLDaYWeA5MCGEQ9CITWvkRKzczCrj2LG43GYvwCY9L1zEK/T8H6lMr7FS5GQJvN8N5ULNegjXswJyZiaTBMK49F7Kts1vbNhStrMPII1wm+LFc5Mf1xMQdH68/SYf7CjA4ntK2bQViOO2ImD6Yg6nzMQKZ45riazoTEMxMTE7E2J+jEziBpgmavg9TMzA82seagTE8RM0VYiYLOScBQUJnjli2Fm45wKylPmy9TUsFRpZVmP/ja88jgvUGHf0GY6x9A+Vt1lWSrW1pG5DNCe9sHfJgHQXMAxMTWGuFZkxOn191gPk8h1EzmFoHm4wWz6YmPTH1GHr0z9J/r1yqvcpThdcQNoznd7F1YCYzNJ4oEx6ZM2AnlAO+YO4FM6mDAphEIh6mfRAJoJpCjGBYmgXxrZG4Qx+hbB4pENZAFYjGM0GBAWae1Qfc42JBRYLFVAymaDbkUNkVNRfTyt3b3Hk2YZrNZa6WJZS1bY+jMB9v0Dos5c5xM+mJiCAeggECzSEdsPeqnIX3MojcbMalgcFW/MB6Jz6CfMcT4+r8t8/3ROMzKa+4yR17s+X+dompHXoWxMiG2E+qPrOOBY2oDWVMGZ8NsIX6iYMWlmJ6KMVmSV8hnjLBVcEdQXdm9MNfVg3zYmalp4wJj3Gx2BogtWtS7PPgtyyIeULAOSaxXZvW65HC5AVkbMs7V2jXbU7Q+uf5AJiYgExAIMCbwtmEiBPcBlkoAmohEYe11BUiH0BmSYBiKs1hWfH1H+A/1QIK2i7LKL+PkeNg9QaX8ZljdRsmdrBewnnMBLxl+oMQaLTH985BDTwnUowGrQLgU71kceuy169LBx3YhPHX8wHDeURnYzYwtA5gXMW4IFPkDAmNqsY97QnPphhAJXcyyq1LKTYZyCBfRznSLyKmrjdN/OB9Am0zDaFhvaFyYD7a611C/Q32t9sH29YC5OItfQTrWMJYuD/Kf6q/KkGMKxCRFvauVf5C0T9f5Zf4/F3Ak1niM7WL3CBj6K69io7q4iCa1g2cXe/C1rZRU6mhFGQEAmxELTMNi4yTNNiUxGWaTSKs0jZEDlVUgg9sfTEKrPZAILChS3YXjNrZ2V9SLNoZiY+nHZGDF7nzMQwQDJ9fifJLBYzE/RWZQf2x9DDKv9kH3a6ndlgggHofixfb9Bh/gImP6gn5WzMaqa9s2PTM2m0yohsm02Pp8wr6KuzTj8YVjXMZtU8jsM59NCY5CRRY7G9UZ3yjdLX9qr5Ci6qVhSeOazToVw0w0Twzw4Jr/AHCsxPEIa54mEavK/wDHBiwW8QwjsdT8+mJiY+g/TmCZxAwmSZ0IX+odQX6z/iqrtax/Vh2V1dR3441QMNOIvUEE1jLCPpP8BEP9MRcGeOGKxUYDhgQ307Qdz846KDC15a6v34Nb8dle7ExgOVAsrbG4rn6kKBeXBtUOz7l1wWUzfZR2Kk0rAmJrsfCBBT34BnxHGs1mkZMqy+3AcFJVy1ZkKufGGn6b2rVsH4TwtdTGaqyNSRB9GPQ/w7emZmZmfr/I5JaupQKQsxCcM7e+8DcJAYJjIwyhLg0Y6nzIJYJcuG/kxDD/AFBYZmbDCMVnstFnHav6T6bRCdgVIWvpeM2bOKzkcMoyWBWe51H6k4uvd45GY151Ha5EUqxtBMNbSpikruVvTaeQReRiJyKXmMzsTAxiYjdAr7RukV9htONySjV8nJrsGVAI1wbeOlgPDVZ+laWcaMmh/LHEDZ9Px/Wp5Flcp5aPMRhmXjpnJdD7sQQehpEbIj+5RyTLmyD/ACkQ/wBHHrj0Ezk/EW8qutF8fh2oJmArlOL543EtrYVhRTwmMC6iAdaBpdWMMWWkvsncJEyT6iKDKziGtbJ+lUQVqsLw2CbwsYTiVcq2sVc8NFtraWyy5q4ttbS2048es9hHjBmjJKLdSeTByFrYHdLSTXbyfFXVy63lihlsFer8IMLuPZWYDCc/y/n+FJT8rYVGw1YZjfKtiIweYmPV/m/5hcw/ymMIf58fViA9tH6rzKOW9R24vKl/+PdJiIWRuN/k+k4/GvYieMCeMzTECy0YnKrfcv44TsTM+gxhB1XxWYKi1FW7xmMhELlD5XdzvlULM6gTxsYDrA53FxBveyxVQrKSu1/HLxlNZ7ED9FdprqNmE43OAq8oec0+09VcfYce5chbHoK8uu1eRxw0esp/N8E9n+BT3SfcJn2scCfkMVNfJBgIaY9HHd33fxD6jD/SEx6lY3zb9noJVynqljVcmNUUiVkha9ZV/ktVrvV1z11DgR23bn4jHSagw9H5mMQHBrtwyEixvGJczB0u947ho2j8MYHCOVpUEVR0AD8PdR1Ynusz7rFguwS4JuuG3jjVEQZ9CMxh7VbFVlrWEW4lN29FhwOWBPtNPJhwTZX/ADmY6+tGgPo3w3x6hiCvJZYnMXJIeclcMfj+cwiETExMemPTH8ePb6ZjfNgBDLgegM+SNgPIZSafCtiBVe4stvta06jkhQeW5DIzvyAC1tSJUGyGr9Mxe4BMQnMYlTxr0sURmAnWIXxGJY3csVrStb1/pyl6/cTkOmJ3CxcKNJW4cPxtoyFD8TIycEGkr6Vs1bfqPNOVgQ/EVsQND8/w9Y+jbI/H1A4lVsaO8c+36lYg+XyBsTE/P1CD6jCIRMTHpiYmsxMTExMTHX0/jc6YgHuP3uDArRkMxiAzMBINVy2JZwRrTzGqiWKy/McHRhtC/jTVrIwVZyq/ZmK2IQCRUYKhEqeeH2mvUFJiVc2ysDkLZLeR1Xy2KnkpH5TkjQwBxAxxM4gw0uo7IwPHhcEzj/tS0JYvIrNcNkL+1biJsrjwzfW23/lb1Bwf49zr9P4+tbSFZgU12+sRRMzMyCPqEEH1EQj1xNZrMTWFZrNZiGY9c4isDFoVgeOZ4iJr2iDdqCxHGAnhRC/CV2uq8TwGVtice322pUyldWTm2JKeT5ICCtRBjKcvZiW+6FgQiEkV96my4Vqs8oE3BhYQhWlgYHJgzEXJ178eIPkVbFNwyrmaQ1iYKnyFm5ArlDnWgA1ePM8SzkcUul9LVH8TOIWm+Y6k+mD6/P04+j5h+z+dT0D/AAbYmevx9Ygg+vExMemJiYmJiYmsZemGFxlfX4i9SrkkFbfIxqTZkRQMKvkWFiI1Qc8pa97a2Qxfiiv2sGMLsImbF8CxTdWa+RqdzY/IrQm9TF9q1K7DYAi+Fsl7CGS6A59O5+nVp4cTXA1xPMc59y+5gPHPbjIjECExsbSp8NxbFx8VVvK+Wj2X1JenI4vj9czM2OCVasZEDAzHpj6Rj+HHr+P6WJmD6hB6D6MeuJiYmJiYmJiYmIw6df21UgV4I19cTB1qZq7F5I2e7yB2f9KbM8d+RZZLSoQXlRfjkGyvVupXa9ace2o130A2jNZ4l9Mrp2jcMXG7/GeOeR1bz5mVaBikD1zHWRDgzAlTYgMwYXld7Ivm3Ntyg/qRhdWnYK2gKXDLbaUH6uyNyYLe9vSqzSefyI14pAYhqP8AIOI1iWC1NX+n49M4Pz9eMfSBmY/h/H82RqvHJqxAJn6Fgg+rExMTExMTEx9GJrmEYrro3rWlQDVieKeOVp7KEFlVHD2oo45sIG1qFhKKFtRuN4WLG57RqWbq5eiMGrLGn3ynV5bw2LaGcfnvxxVzEte7mEG5EaFMFSZk4IzApA+Z2JmCVsIFn6dGA4QngQK/CBhyCHMW8iecNByQqPbsD6iyEETyeym4V8EnYse1OpqfE5I7P0lRD8Edfyg4P9YDM19zMQq2jw/P0Zgggg+vExMTExMemJiYmI4/a8hXjoyPWWwN/aLe1v0fh+MueE6WnHGlQ8YO1fJouFdnlFllq1owJAxu2cHwZicf30VY5PiPHcO+xXsUK4amyqDkNgjb0xNZkCb5gZdJiGHbFd7JK+WkW8NLLYzitWOzfn0zMzWaQ15hQibCNUDMFYr9P8wnNJy3CPY+nJz/AEvx/S+IjDa3Vnb6RFggg/ix/A+ZYy/pVICKvbpoM/sDaWYS3iOUa5ByL+VVhrVNl/Ir8BS0WJapDFTuuSipiYyQpyrsr/qAyMVMNgySFNnI2Qjs9nHoZiazE+AWzOh6Y6x1kiCxlZ7C5P1K2IGEzOpgGakT8MuI3oG6rOaAfb6Af1j/AEcencJXPjMNL1t2zY+hYIIPrxMfRj0xMTExHHV3x8DLZTcPybS6Kv7KanjWstvGI049g341Ffkp5asz4xTx7GNYNLIhB9K2XKVeV3qAuuXx3Zm3WTPkD7cemJrCsxNcxhCPbNoDFh+cQrCJj6dYM+gPoGwRCMiyvA9BB6CHv+p+P6WJ1kmahal3sgu0Ft1fIlyKtnoIvyIIPqx649cTEx9GMyyvphgKmxrT3foqrLObQtSVMyILxZP1utdvLFlXH5ZoSu6l6rKKm4I4/j4FVf8A4/HLGsYrK8drbmtfjFmxSeyezjuYgg9cTEx6sI3XoID9BExNYYEJVeyQiBKXZRly3Hwg7hEBxM97R6/THoBPz/Lj11z9J/n1nUz6fEHyxLNXLECu4mZ8+giwQQQQTHpiY9MTHpj6MemIBGTYW1gTwb17HjJU6NXa7M+rXOVVHSgsE4r5fjtu4attyoq5LWccDdPGtHGy2H5R038ychhZxdfYiFooBH6MlWrYNjEH1YhHRjLmGCD6MQiYjCVMFTh0pcoQ133cp7ZQwRuLq/IKwj0DZLN7g0ea+vxD8/n+E+nx6YneM9Yz6fH8nXpn6mwTdU1UHUzk7inkcm79Q7rj6F+RBBBB9ePXExMTExMQCAR6Q0IdDRSul4zBtUfH4zxuGM3cR3eqh1r5FJrfl1+Vr6gtIR14n+MZf0Yc21BfIp/x3tVdBxOOGqfhNheJ4qqOCCisaR7eQxq1tLDPpn1Aj9x/aMFprF4mymtkI+h69QRDX7WT21Xtx0QlntChP0biilxW7VnB7DLCuDnsQGE+p+T6H+HPr19Px/Fjr+NrCyuytMQ/JOYfgjr0HyIIIIPoxMTExMTExMTExMQLNZj0tpzGfwtXzamip+os5de1vuWCEZltfs5B6NNLjmdcYFkr/wAfyzTZV+m5L11+OyyoNycaxRCoMIADqs5Fb1ltgx+SZnrMHfprkY1hVms0msT7KKKzRyP8RLaLKTFXZrDqbqW8Va4r8S2JdR4ZUu7WVO8u/a/xtfF24qDIeoMCCIcGEep7MEz23z6H+bPof4RF7P8AAPn6idjOseggggggg9AJiYmJiYmJj0xMTWazEx68mpXOp49tPJ3irrWDlZmNYAeQARyqFoHMb/xz8ULheCrfrFtYWUUgW5JIM2mY6FYbNo/FS5LeFYsKuGFRMCjRckKkxMTMKzEUlZxeUmiHK3Upel3+HTH6OyuUf48m/lq1tz8EeFOKFr5PCa60UGmz/HLmy3iJyZ+i8dIhbV7RLlIZj3n6MQDv8/x4/k+Ppz/D8T5hM/AGZiA4P0iLBBBBBAIBBMTE1msxMTEAgHpiYmJj0v8Av5f37atVymU+ZXqe3xVLf+2uGnJqJnOosNfIZLf8enEc0qhZuNxxVU9Ba6ykBw+J8zExMR02ArwBV1ZULAP8eQ3sqCppQOx6/Mal1mJiV3vUaf8AIgxLFf00gqxaRkn41xfr/wD6Na6WqdYO4LVrSt9xnaWL7T9HxMZJb+XPrifH04mMxcBvud10OpxM/SBn6kfArr3b8zMTSBdmmfURYsEEEEEAgEAmJiYmPTExAJj6ScSxtm5TZtJgMSyVXpbQo3rC+3TrmU5S1v2OMoPE43FWsAe4Rky1ikQNiZ9TMiA4mRjQ+QqjTk8Mh+0Kn0WuBAItLGHhgw8MiHgtqKGU0lhaG+kr3Zxz+pb/AJfhsx7C8S4ofJuHs1ljbv6fEAyWhGPXrH8JAwRFwJWrOx+WTA+jM+G2xYclifTH0q+sqq8juur/AED5b7vT8AkDH0CJFgggEAgEAmP5MzMzLbY76hjsx+Yp6V8Tjc8pKrUtE5P28/A43HGKq2BXEx6EZFqGV2dzGZ8SwEQWskJRhZXqgscPyLCJyq3ijupZWm7LUqTECiY9NRPGBNfrsrOze1gxLeivD7kPpmKuBnaEQxjkfj+H5n48harGQlhSUoGjtuWQeD1AJPpj0EH1bnVQvg+T6AfxiJFgEAgEAgExBBMTH8JMzLLdYxl1u7MYIPnMBgMrtZG4/wDkjLLFtH+Tw1GGo43DtYuD9LoCcY9cS2kWAcbC2M9aC1bVsUrXaFtTxe1eLhkrCQCYmP5bK9p49fUfKP2fu9RAf5wcRMFoCVKt7vk+oOITszqFaZ9T9X4ziHuGZmBr+MDx/WsriCKIogEAgExMfxH1ss1haXXliTPn0HoIDAYDFsKx7jaBafHTgovz9GfQfQVhj1HCOwbVTe655mMfzn0zCoP0L9359Pz8f08z8/EH8mPTHofqz6A+36llcQRRFEAgEH8pOJZbmWOEFnIZ4T6qPqBgMzFYicPk4Tj3+b6cTEx9JE2zNBNT5/8A+3/t/M7ds4iGD/QDr+DMxmEEHMz9H4/kA6UGVRBFEAgEA9MemP4CcR+RiPbLOUqyy1rCWnz6AfXn0zAZTbqeGVyv8hEH3Znj/d/7emf5Hq2lu6mqzKr9efUf1B3/ABiH5MHy/bW1Go/wYz9dTFVrUZRYqwCAfxk4jXxrMyzlqptuNpJmfUfyAzj36Nx7/Iuf4T6kGeTBmfqz/ERHq7yV/i/P8R/iH8f4Pqzbk/zVr7aa2c0p0qxVgH8T2Ksbkx7JZzEEstawloT9GP48zPoGnGv1am5bP48ejLsMMo3GAfpxMfxYjV5+s9n/AEZ9QcNjLONW+rP0qu0WvDUHWVJFWATH1EgQ3oIeRHvMs5Vay3mkxnZptM5+gD+hmAzi8jDV2Bh9GZn6yMwquMdd/Rj+v+f9Jt7D6fj6x86dcbNRT94qmIBB6ZE8iCHkLDyY3IMfl1iPzo3LtaNYTNoT9OP5c/TmZlb4PFt7U+vz/p/z/ps/wUpsz/uXNxTx7Es8sRAqixRP1Ah5BjciNzUEP+QMPOtMbk2GGzM2mx+vH9XMBlFs49m9f+pP+rx9FP8Ax/4ykNbZb5LwdAbMQ8xBDzLDGusM2m0z/Fj+rn1zEbB4t+Ih6+rP9PHq4JlrNWf4j/q/z6BSZ8Dj8rwihkrj8p2JcmZmT/FiYmJ+f7GYDOPZicW3ZAf6G2DtM/xE4jhH/jP+sAycIsHktJpWuEj+HExMTH1Y/tZiPicPk4NbbD+YwifmZmf4GIljgD+L8f6n8eigQ3nXEz/rdpXbqeDzBhW2H19zP1EZmsx/CY/y5x/H+P8A53Mov1fg8mBs/TmZmf4MzP1Y+hxG+7+L8f6jHpj/AGZmcHiXzj2h0+vEH8m0zMzMzC/dmuf4vx/pxMf7Uwzjtiz/AB9p3Q/xZ/iI+j5nI3WPYf4/x/p8f7dvhThuM+tqGZ+k/cx9M+uf5MQiWceuwfxH/S4gGZj/AHBn5qPtoO1WfpMZgJsMeufozMzMz9bL/oT/ADCa/wC6MPzScpxDnjL9v0lQ0KlILOq3LL6/j0xDmbRTMz4mw9DCf4z/AKHHoF/3hjTjfb/j2zQnwPpPo1XYBEHpn0zMzPoRPiCfMwJ2Jn+P8n5/0AH++MaUDFf+OX9odTM2m4m0zB6kTOPo29Mev4xmfAXMzD/GPn8/0xD/AA49AP8A4D8VjCcFccVO46mban7opb1zPmYnUxM+uuPXMz9Of4x/fH1/MK4H+5UZYSga0r8fk4MNeDHOJ5wArB1x66zUzBmDCf4Mfyfj+6B/Dn/dUjN1a5uHx+J+YZbiW/bxvsX4mfox64nxN5n1z/J+P7QHoB/8Jxh7+Gu3KHz9Blp75B6459i/RmZmZn0z6H0zMzaZmfoP1H+ofrwYOv8A4Xj/AGcBO1PeZkTHpiXfdyjKj+0p9ues5GSJnM+Jn6sTHrj+M/2hM/8Aw3HPXAPSNAR6ZgPpb93ObErt/YrOUDwMJ1Csz6EmZMzMzPpn6M/wj+0P/iKPnhH3K0zA8Bz6Zlh93+QMz/4PActQMGYncDmbCa5nYmQZoIRPtVTmbd5nx9f4/rD6sf7jGZ4WnhaFSP5qPv4f/KonzMQZzjs/Dg7c45J/9H/H/wDrp6ZnxB85m0ODCkyRMAz4mxmW9Npn6R8ehh6H9I/WP9tXVtFSLx4tFMPEraX/AOLzLuNZT/JR9/E/51yDM+gEb4uUicz7j/6nA/8AVXoZJmQJ2xxMTWY9cemJrmfEPoUmPX8Y9Pyfn/46qvaHqVL4w16g/rCJX/kSsp5dd0ZVsXlf4/UEYP8ADR/ycb/nQ4nzCsKzJED9sFec3ghhapXjcD/1h9pyICJmYh2mSJt659S3pmE+us1mPT8j5/pH6x/ta03JxWtKe2+6Ewt6K5U8TnMCGFq8vjggjH8NP/Jxm/fBnWM+nUtGq7xWzLuOjrSjUJXYIxz6B/TP0ZmR6AzojXrud/SfUf8Ax9a6JSu78m3UfEJz9AODxr9WsGw5VelnrpMCeNvWn76OrlOT+NjNptLrPZZdiniX71L7lZJqBMQz4me8zbE39MwGDabHO+IGzPiH6TD/AExD/vKEzGzY9oHG4pJYsfqpPdF2yWqLK2HoBFXJRJYollRT0p+/jf8AOD7hNYUENcvBFfKJ8HH5DIOLfsn3CxPTabTqY9D1MzaFsTYzdRPmYMywm5/g/H9gfP8As1GT1WnFrwvKbzW3qEpx9Vf30HFv/Zxh1WBcwVkA6zyES23dCJR9/F7vXAI+fmdibTkH2cz/AINtRw79UotyPkOkx6GZ1CNmZyWIyRBMTWd4DETafP0Z+g/H84h/gH+046TBuuvt8Kg4h90s9z+JjGQr9C/cp95++4fv6ypRWhzbMrUG5DH14/3cMfvAd/Hp5PTkfZzf+B/tTrj8O0mqt9oRmOvZWfEPczMzbIIhGZ8DM+YVA9CczPpn6T/tM/2BB7K+IuK7n8l7H2r9labMo2Y8RfHyONhSPRfuX7j9zr+8g97HY2WBFZtjn1484P8AyA9z59M4l59vMP7D/an/AK/F/wDVoeAxhmMCpzM+nxPzn0/O82m0zD36H1Hqf/jB8t9h6oWH4T/io+zhj9xvtf7H9E+9P+Q/8h/9mse4fLElz9FE4P3L8z8RvnkTm/8AE/wn/Dxf+CqVGfh/hofU/QB65OZ//8QAMhEAAgIBAwQBAwMEAgIDAQAAAQIAAxESITEEEBMiQSAyUSMwQAUUQmEkM1JxNENQof/aAAgBAhEBPwE9Tpq2nSJZdmEkvLh+ntzBnTkxc42iOUXxy5c/dEK5wJxOY+m2rB5Erzp3lJycS9hXbgGeIWfqGdPZWg2nWv5bZWuJn9LETNq78wjErOITLEzuIrZhjV75mnAgTEAnIxKlxGmuHOJTXrllRT6FYEzGYRqOJp8Z5liELqgf8y20vsJ4szwqN4H08Rj+5n6a61dN50LL7ARUYWE4mvShHzFDPVk8xLMjaKQNzL2NgyImx2gVWXJ5hsHETmKATvAW1kS5dwxgc6NM2X4li++Yu0XiXN+iGWJYOoXPzKz7FTMGERAFOY5BgxnENUCbZgXPE+3aA7xl2gQYzGwZSwXiDFgxLV0mVex3j0bQItfMV9X2xtWqMMkYEscYxNbfdPIzDeDbeLljCCIB+2Mk4mn33nppgwYZmCsCqdNbXXZOt3uLjidNixsyq1QSrQnS/EUZMPGmMET7eY53laAneaSDBnMuUBdcBysFQ05hWV0+SOgSJjBEVSy4iLoORDpzqEss9YvsuZmOSNxLHJIZRFucjeLWx3PEUqo2E1MeBEDOeIRtgwcwt7YgBRoLmT7Yzu+5gOk5lbB+Zcqyu1azjEJwciGx9PMDMeJ4zwZSi6faUDW2GG0J0H1jNn9vIEq3OZaAxg5xGTEGBzNY/EZ2b5n9uznMSoODW0VRUD+RBpzqlv6gi+qwJ6ajKjqEuIENiImRK9ViYgO+ICrAq0wiLpMqJYYlj+MSqy0HMK695svMstwm0qOY76DLKtB3+ZT0+2fiXAJZkTGtdQlf3GIsrP8AiZjS0PsdKx9NAjPrOFmHAiuxmsmFDzAm0FRxBn4iEsN4tYMvQiKhbeeIsNSwZPAlNTDciWq+vHxDpTmZB4/bcsdliAryYoENDH7Z/bE8z+3miKAu8a12BI2nT9Q+cxg/k1PFpLDVPjEK4XEZ/Xxys+MaYwGd4RnaJsuRKgBuYqneBfJsYF0S/OoRYh3jqPuM05P+oojJk7wLrHjnl0DQZn3iWColTFC6siKk0wHP3RsjdZYNe5MpXDbRwzHaVqyQQqOZgk7RqHxvAqKIX9thK9WYV/JlhA2EqZa1xG6hVGVn9wXIMddazAOzQBRGI+P2WbEZyozKTqO8H4WeSziDXNRxNRhbHbxqDtLQjJB1IVdENgPAjspXJMVN8wjtyJSP/KWjH/qZJigrG3lgJ3i8drWBTTP9QL+JkacmDUTqlihvcTIhr1bwDSJW2IrgwDt4fXM8gRcQHEBhEa0E4isqRyzcwFmfE0EcQep9o+NOZZsMiAZmlMysgTy/iOO+e5MVWYZgzmFSIWgGd49nxiVqFGSsssHPERUb2zF0fmWIc8w0WniaxzieQGbdihLRRtMAjEX1+JZbkYErJPMBhORkQ6mEICcQEGaoYNOIgzHPtDuYpm+ZbgCV/wD8MFehoGwuAJj1wYFAnMLaZrMVjbtL2VSAI9hYZlVmYDPGM6hLryvEsuslC6o9qI2MzazmW2qEwJVcCpBlbKjYjBdeTNS4nkUCeTMZ8QuSYo/MUqY2PiKureW3b4WKgxraNbniNWziKNKYEFjhuJZZY22JaGxuIucYgQw6+FgF/wCZ4jjM0gxkBOI9e2Iq6hEQvxPmA668QF9WJoJG3M6fLR/TaWDQY7jOBFWY7CLs0OWbImyiCcwIIqkKREY2V/7E8j8RbRpmSOxAaDc6Z9gxGUHmaBFrxxArjeeYATIZsmBVI5mrHENYO5muw/aIOnsO9h2ldVKzXUBgRsmKIB8zQIa/zFxwY+M7TO20RCeZt8TUSdo9jY3lbBjFEstIbCwk6smG1viHyHGY/qcQucbCVjG5muG3bEewJuIHBGVEDb5gs/V9YbSDlZoI/UMU43ln3wPphGV1rGYlo6lxFwphYt8TO+8baY2zEbVvMcmeT/ERR65MYfMB3DRn/ENhrfXHUE5HBn2HEO4nHavDHVC7Zmr8wWKTiLPM2cATDE7w1/6iqijeHHxHIU4MqavO5llytsJWwPMdUTcCKVzvLNCbCayRHyq5ldRsXU0NqA4UTyEw5WKpJzLSyGFjqyI9LcmIv4gyNjNC8mEH4iyy0/mG86swPa3EOVwJqMxCy4gxDZhdpSbNeSJYSW2gUsumDKjTLfiFlXmGz09ZpLkNLLCU2EXDbzWTsIVJM/w3lYyICMELM/paYFsDbiGsmrIjamhVsYlR9cS3NnqJTqNRT5EWvO7RF2mMHJlpJOkRR40xMRTiLpBlpyvrK20jPzLG07xXyJkt8RK9W8uxwZTRjciEZ4gUCOS0NbK4aInk5Ee5a/VRCzHdoh8leIFUcTUirNWqB8Sy7PAi2aOYGst5iUqo3g0asmEsT6xqrSMCJ0zj7mjVpPGofMUsdlEFbf5QuYxJhGYw2gEPGIBgZlZXmFmZjvNPtvGTUYB+niAACDEVVBjjfVFxLBqIxK9IgBDtma/QEQDIyZX1G2IHcuYTqGJS2WIMFQO8IVDqUwgatUutAX1j9Q7LmdMMjW88mTxNQjWBYuHGRFCAYgRBAcneZ22n9y1b6SZT1LKMkRD5eoBMtABwJgQTUMw6GEqsb7ZZUEfLSvDexnKFhKQGXM0Y5gxCsrVVGXMWyp3yFiZZsxj8QFA2I9uOIbGjPNDEZYws/wARbblxgQ+T7nmWisW5gGmGGARhpWBCvM8YikV7Gecr8Qs7DPcRyTtiIuE9opGJgg5EFJOSYoIXTMRPXaEgbiWMBvGQuwcStEFekmWD8TcbGa8rgyxv8FEzpQCCxBzDaM7CEK0VWXaW06RNgN5qGnaDKnM6ikXHUIuFTDSpgBnEqsNzajHwImltjClavpzAaajGG2QZ1R22lNZVcxltb1+IlS1JGKv8Q+p2nsZ47PxK6rBzgTypnAlliod5X7tqjIpj1gbzQJ4S8SrRBY6jAhvyuGi2tjiKMiYyMQJtiLSmcsYzqv2RbXMs8jPloxzFGW3mFBxPLpGBKKxY2WMbAbExiJjVky+7V8RmWKUNWUjWnE8wxFNjtmcczy4GIE1mLWRNWg7y06YQHG0UMDgyiv8A+wwsXbPbSCN4iqIzKZ5GJ0mBdW0VQPWaFPMcaH5lgyOZWwbGZU+PsEsVtW5i1YbIj0hzkcwrqsw0CELzCcYIhus+BHstsMShjGqfgbRKtfrqiN4xpzOt6zbSDvD1Ftlf+5TRYg1nmLXqPtB6xrAozGt+IisRMlYSSYAY/rN4B64iEKu883+o1m+IgHzANO8swTmH/UKxWGd4x3iHEVUxmMpaadPM1hYre/EV8HA4jgfEBxNW2ITiZikCOy4yJYf8ptcmJnAwI6HEWkrXFT8djuJW+Np7ZzDZqtCiKmiMRX7mC8O2qCzykrGxneYTO0PU109P68xLWZtTCHqsrxE6gngxRqbVmfGIBiMGJzmV1/CxS67R7bOTFvVRkwPmzMtpHk1RUXmYwuIrpXHsZjDVaUziIrG7GJazVHAmHY5MAhLHgxxvkzKy4qHws0N8zEwIAGEJGnEM0DmbzUdWMRsfMR104mY5flYrP+ZYx/EQHTnE2PExp2aY7E45lLF33gXLYEavBjUkriVDRH3baWYwMTyemILRxmFtoDMb5gKMdJngrVsx7wvBlzPbKxo2lRVTqnUFHGtYn3bSqldOWj2onAnnNhwBFqE0gQQ9k9RkR/IH5lp0JuMwWKVwRGtIXSBG9hljKrkA2GZbfa+2INQ5hZsZnnusbGZVXbR+o8LM7ammtVSEhRkxuoJ2WKrtzNE0/Jl1lhGIhbT7TyCIpxtLUOImR90YEfEZ/jEC49o6zTiZyIcYmnEUyy7C4E1aRkxwGGuJ78RlxLPbaUoFEHtxDGc9hDGGd4EEFauMGPjRpEy4G8qVicy9HsHMr6eY08zSzHMQhRPEgTM16DhZbfYRBWbDvFr0bReIWimY7NZkcT7nzL7Lnp0rEuSmgatzOq6triNAiqGG8K42WL07Y1EwexxGsUbESvptP6jbCdZaLVCgyuv1nTqmd5c7WOV+JVRgTAE2iXNZsYXYMRLKz4xZnaVKDLsImJfbgcxRa6+sZuoVMQowfLGZJEyYR+ZzAdMBZjtE8mTmNmFc8ytBwYoCNgSwAtqmkdqfVoE3MPZVzHapRFIMEAzxPEYa/wAzdRmCsuZmupdML55lTENvxLWY8R90xBSxhys0spzmaXO8XeNjgRVzBS8NMK4hEztiKPgzRWvMZ9OyiU1eT7oyoNgY1uhsAyt9VnE/qN5ceNZXVhQDMADeatP2xMA5nmaMbWgp/MBiBQ2ow5KlBxMigAZl9z27AwdLndpUV8WmNZiW2qBkSuzWNoh9TASeYg1mEESp/GZ1FwD5gcN2WFf8sxgMZEBmIqnmeUg4nAzAPmFkAleHbEs8FCe0W0PxEfTLH21R73s4nSJlP1JZpXOmV5sM9VHtGsGMLPIQJ5AwxKdhnMG8Cp906m9iuF4iXMpmskxbSDHuciCwDmPcM7QajuZj1zAVnofiOF2OYrKpyDHZmbaKpzmDM8YLamjkE+sJxzCpzkxVGZbpEXsXGduy3Fm0ieEL98Fqo2ICCJkfENanmf26A7RaQvEQY2hAI/3K9Ke0tvZj6yhLG3Msp9otcCfmGrB3j4+IZoBPM1AbCe1kwAIAWOJgL6TBHMWeEEbxRphXI1TTFXHEdmbaYzETTxHGozSBNBirpszHVSYKfnMb04l2XHqJWuB2ABMNa42M8S5nUaFYaRFxCw4MrrGnUY1pHEcloRk4jIlIzFfO85OlYenUDLGKUAwDLLlX7ZqtaDKLATqyYg1Q6RMVYzBamcCDC7gRrdfMWhGOox/Go2gXUMiHcYijECgcw77AxVwIVy0NQxkRPTaWBpVqzvHszsJcXYStnlfsfaW2ENhZSrM2TE2jMsNwxtKzk5M6k/iVhKVy0PUM32iaGzkzIxNuZqg1QTI75lmcbQBsZlhIG00vjOZWDBEqZ+Z4RxmYVAd4UYtnM8cRCY1dY3Jll1eNKGP0qqgdzPVhhY3oNoUe0YLSurTgEwYB2lzPY2IKwBBWvxFqMatsQUNDlNptKxWEwZXUitmM3tgSxtLcQ2Y5j2jO0V9PMut1DKRLQ4gUk4hUqINbGaW+JXXhfeMgIxFCgbmGwhsZms6oTtGB1ahC2qCovtGp8JyDNWv7Y/TY+YFE0GLX+Y2k8zX+JgmBVTmMSxgUAZM1auIdoGJjHCyqstvLXWv7ZrPJgY4xAcrNX5iWJ+JnD8RLHJxLfIp2l1LOOZ03TeunM8dVY3MN1H+MsdXbSJV04HzOo9hpjGxV2lRtLZla2G734l91SbLzK77HOMS7VnSJX0507wYBljn4i+Vtsw6lPMbW3J7e/MqqY7macOGnVX6t5S3llrH/AKwImsrgiWVsF9YtYTedP+qNpdYqnGqJcSuBKrjn2jOTCTiEnG8GGMrAMttxGuZzpEpTScGIcNLbBmUP4bN+DLGzBnkQdSeDFd3M2ir+ZqE+YvMs3gPwJZktgTw45mlQI1uFwJjMSrJ3hZRsICTFCrnMQ/6jLrEVnrPpL+pYKMLvKDY53EsUViH2HMqXbEsqXOZ4h44qENmyeUEYI2jdXWmwEruN2/EVk/8Ac0YTWxxFerGROo6wYxKuoPwkZ3z7RrdI9RKkazdoNJ2mBB07suQ0+1fuh3G0NaBcEyjRWMmXWeQ61nktL6cw12hMQ12gcRTbwBG6VFXLwW1ptDXYXyJZnTkw3Ow9BErtxlpqdV4guymQIHV+RLGrB22gYWbiErWv+5SDadxLWIG0qs1/GYyPp/Ec/qbROIMLGaLG5mY0SARmyZnaGIN5Y+0VcpPUVxG1LBqxNemN1DAbSrU3sxgfTuJafMMiJWBPVZaRiVE6eZoP3GG9yNOJXWf8oqKOZddjasSzU25MFRO08CiVfpiMr2btCQNlE1nTpEDpSmcT+4J+Jix/RYvTrX9xlj01nmW+Px6hK8Od4yVpV6QLqeM7MZkwOwM6jq98GUKCNbLLb8zzvYcJCHQ+01q+3EYjMEFO+sTqK1cf7lNVWnLbQog+0zDV+0sOsSoeLef1HqD48rOmBO5g2E5MI3nEY5mYYNpnaHbvnEbeJ9sMQ4OIRDsZpyYRjaGuINHEZm+IjFtsS/LevEoWtdiZ5UzpE8lafdB1Xks9RtGy00xsYxPaHYT2MyYKXduZoC7JDWG2cwCpRidMdSFgJ1PUXMxVZV0pzrsOZ9/Tkt8Sk6hsIz4GIgOr1nhby5aMgXcTJJ2MNT51TzWEaZYlrHDToafGTtLBnIgYq+mE6t5Uyg7xr8+olubJoGMQ14ly6k05lFelIXJ4jozD2la4jRfrEO0+e3zDtM7Yh4g5hb4j7yoBTqMvcmz1gBmnsthXif262Pl43grOkR7V4QSuhWTNghVOFGJ5KK9jOmxfZjG0trqqnVXMV2EQlhBU7CBUTmK+eBLLNpuZpMo/TltZ/ucwLmaviU1Hx6QIy4M6TQDqeN1SNkiM5ffEqGRkQEsJq8TZMGu14jGt95dhdxNJsORCa1XeeRc4leQ2qWKCNS9rbFQZaWvrAKz1SsBZXW5TMNntoMEPYwfUYBPiCHmcxuxmcxR8TxqNzFz8TNnAioq72GNdVqwohxCiONuZWhTcSyy3VzHew8SlBqzZG62qgaUXePbde0HRsdmldFdKe5l/VNZ6VTSUG8D52jEniVhjyYcwOCJkvbkwoqrnMFasNoLhXVozHO+rMtvzXhJ0gQHTZOpCjZZ5Ai5MWwNxC6/MR8YwJfpXdoesTGkCfqPsNonTtn2jpvE3EVivE6jOklJUvkHvOlIGVImkD2Y7Q9Unj0pEJazMH74mMz/XYRBGxjs7Iu8TN/2xOn35ngrG7GeZK2wgj2nmUIHfLcTwgjaMtYXaLpYwFE4m5PMscFYH8S5AmtrN8Stc8x3GdKwFwISYiKnqYbEQ7CEuV4mhxGXRBSSJ4CTESocidXdjGJ4HvOTxEo0LtE6ccx/Fj1nUKWsw0r6fVxAo14ljaWxGTIyJXuIATGExXyJUtbe0sxYNMrqA9ZZVoswI2F2/fEzB2ETmEQtqOhYOjYfdBrrXAEfzniM2E/3Gd23EGSMTpq995awVMTya9hKqCp3hWuvkzy54hNpOBD09+NzKg5GnMts0nSsVG5lj4GIuoiMzMcqJXlPZobLnbefqDiVglv1DDqBxNU8hWWvn4i2IiRr1PE9tO0Gcx+n8uN5Wni5l/qwYTqLFZhEIU7whWb0gTDaTGwDifbxFsImN8xWKnInVWNnIlQY7tF/hjiOxIzEfQcgS7qHO4n/Is+ZUGHMTVY+BDVpXVAc8RQwbKx6L7TvK+ldRvtLfGPmehPENn/iJ5DCDYN4uKlwsrpblp1FyrtK1VvYzz1jbErcjieWzjEDMFyRLOsU+ogT11Gf6M06TA1KJloeoJ2UQeQzRCD+YRg5nk3ldb2/MdT9pjUjOqeMNNIQjE6k+0CGV1n5niXVuZkZxA9YGWj3VcYlTZg/gHuDtFVmGBDXvNIxBo0/7iAWbgwV6F1GEAnEC6RgRCRvGtbGYD1F0Xp7de8erRHcLEZmbAEuda9pQHsOSNpZYRtK+lP32RGGdhCD/AOMW1ScATyDM023bROlrrGTFIOxjnBxA5zNA+YqCECFlgMxMZWdO+g4aWjB723hdhNJYhmjrmvaBfXmBd8zqQR7CIzEAiWISMxHBOIOYelYJr/hcLvEd12ERbEcsZofOuJSWXVF0qczqKbLd8es0NwIKzpxiKoH3xrBwBBYtUd3JypgZzuYMk6mhux9sLZOozLvssXp2HMs+3GZTUeTGK5mjBnTUqx1GPYATiB85DTOFlbF4RiavgSy3QITZZEr08zbO03mfiKFlbavRp1DCg4aC/wAmyiLWNWTBVrXMwQuIiT2qbjaOm2YGK8R3Xx5lGSxMEqPkp0mEFbP4AhR32EOhF9uZ/c1rLOqLLoxFZ2rCymvxvmW9QR6RtcFyYxmWYXeNcInUq3qBmWNgcSo+mTLbxjAnT0s4yZX09aDLR+pH+Ankd4qH5h1HiaDKhg7yuwpkS1tIyYQ1rZEtXNeBKadI3jQbQ+3MZlqrgLWRVCiEnMMXeY/ENPlOXjNjYLF0NzMlDiaCTkmC0rsJ5WfaGwjmHS4ysoL2K1ZlNegQCUPjaWrlpjH79VbNxHd1EY3XNmCvVvjeWiwD1xEPUuMmOzjmeU6gZbaucEx3Ss5xPK1p3G0arU+wlZ8S+kCWE6mgUxahqyZZYq+qRzay4lNDH5h8dXzFsZm4l12mf3IhbAlb/py8vacSldMfIaNkxcmAEdnGvmcCcjMfaCMcRHgshLvxADmXDXgCeNhvK11mOVDYE8asdzNOltp4tJ1LF7A4g3jn2/f6NMKWlx1bSq1a0xpi9Rp4Ea/3yZd1F9x01wVqlW/MexU5M86E7DM0eVstFTEVYcZxGIU4mSZiEpSmfmZe05MVZVSM5j2LUYC1k8cuqrG5aJ7J6wJMY76cb9xFGTGzGXMYhY1obYROJiLCvvEjbbypxpJmckmIdoxbiKGxAO6tgQ8w/u0prfE6i0VJoWB2ByZ5GPxKWJ5lhXXmC1UPqIbHeXU69zErwJWNBzHcDeC1m4lYYHeePJyZkCGz8QDXzD405jXu2yCBbDzPAMzONh28Gs6rDKm9tHxGXSMRmXiEaOe/PeoqN2l/U5bCQeQ8mCnPMSoCeo7fbzMgzdDGBc7xRplm0XsDB9Hz2P7lCYGqWnLZjZ5iDIgSELC6rPKTxNzNDTEJEAiqDGVRyYPCOZhPiCgYzmFagdzDcvFYiaicmOxJwsARN2M8qfiNa2fWPUVrnS9SL00tyJcPHbvLNVhEQn574mO2BAs2mdoBGtRY7m1sLKaflpYVhYASuzWJzOZo2nHczMHY/tqMxDp2aWmvOxhX5iPjiM7niYeePHMAgODHZ3+0RqbEO45jdO6jJEoqYnJllek+sHSqfZoAv4ljOTgCWoz8mVUAQELtPIqwOzQLvMQ6QeJZZr2Mrrau0mW1ebcxEwfp2mYBD21Yh1PBUJ02A2Ja2DiZzG4nTQAiU5+YxJj8Stsjsew7H9sbRhrhCqN548iU06IbUQbCeQ/iMC28wcRVycT06ZP9y+9yYGscexmt1G0B0jLw2jGRKybGlh0zBJg2jLmBBCgEwBMzY7x8ZxNLARQ34/YG03hzAvcbTSLX1NHAztDgcygjy4EZprIgbVvNWTiI2Gx2PYdz+yJqMUkQjP3TGOx7A/E8VgG8WvS+cy+3WMj4ltzH7ZUr/wCcO+wi6fkw634lPqNhLDg7wW4i3gw2ZmqO2F3nTlrFnERgJecNmHI/9Gf3njs0S3IGqAq6+pi/uhRpzL9tpQNJ3h3GR2ziZLWzRk5g7juw/YAh+iw4OJ/7jYErdQMESi6pM5EtuNnbqCypkSrGnaY/MxErB5jFKhPIxHqYTY0rpd2n9uwbiOumGq6wesp6UHAslgFBwvEDZ4hTRGBMX7cGeIm7XLbA9MqOizEcD7lgb8/scfQhyumP/uE7wGHM1ziyL9A7mY74mOwHcQ7T5j41TMIyJWh+JrQbad5ozztLH0HEtR7Rj4lfTrTXzFIbcdlMuQufYzpiqHSY/rxB1en1Es6n5Ji2G+zEpKqNMfb2Efy9RsYtTgYzK6nb2cy70+2JbrGRE35gcKY1f6mYI65g7DufqG0f3EC/MHdlBEXYQdx9GOwEAhWaZjAmey4jJniCpo1IzkwrUN55VzgQH8SwL49fzEu8kI1fdEKAby+1iNM6cFuI1QMNtFI/JjX+TcCb/E0s4idGqnUZb09WYnTYHrGXHMJmsaduYrkjM2enIl3UrXjMOE9llbhxkQ9gcw/Vjse474+kCDuv04g+h/tlK55h2OOwXfOIWZvtE1u/oIDYwOTEpAr3lbf4mI6f5Qeth22lXiKQpVp1ZjWeVpUdA4hOozSplekTAhuYNhVlrWKuSsrfUdxFtwuJfZoXMW2x1lKtj2mZRZozmWUmx9RlIXho1fhuwOOwmwm37Y/YGy5jOfibwRfpx3Pfy6W0TyjVC+NsQHNWBzFK1gkzpr8Wky8ojlwIL3uWJRr9jKkQPvOoyh0KJUjB8PxOoCgmuV0EGY/M1D4m3wJmajPNplvW+u5nT2MxOZjMavUN4lQWETRmYzDxgxZ1B1YMEz+2f2QI24xFpIXun1474lo/V3i/dLUcnIXaV4KZnWhfBkczyBejGjmdOrOvvKmBswBLHAGBK61KeQw3eVsCCsxqxneDaGACHYdsw8TQDAoHHdZgzBn2xuJxMTOP', 0);
INSERT INTO `users` (`id`, `name`, `email`, `password`, `phone`, `address`, `created_at`, `updated_at`, `avatar`, `isAdmin`) VALUES
('baAF7sFAHEMXtwyNbiCchNCW0', NULL, 'nghiemhong180202@gmail.com', '$2b$10$Nw3UIBz8SIf7Etm1NzD6QuQxgT/n3nN8.2maD2/WQqTEUhbjjtHbe', NULL, NULL, '2024-05-25 04:37:07', NULL, NULL, 0);
INSERT INTO `users` (`id`, `name`, `email`, `password`, `phone`, `address`, `created_at`, `updated_at`, `avatar`, `isAdmin`) VALUES
('RhEizirVS2de5ZAQMqyu5B8A6', 'Admin Hồng', 'admin@gmail.com', '$2b$10$TyEw1XxqhkWDhQOuGRUQvuW8xHa5GttG.n1w8kPuc8zE5t46bASPO', '0389389891', 'Thị Trấn Chờ - Yên Phong - Bắc Ninh', '2024-04-19 13:11:28', '2024-05-19 21:39:30', 'data:image/jpeg;base64,/9j/4AAQSkZJRgABAgAAAQABAAD/7QCEUGhvdG9zaG9wIDMuMAA4QklNBAQAAAAAAGccAigAYkZCTUQwMTAwMGE4YzAxMDAwMDIzNDYwMDAwZDdhMTAwMDBiNWM1MDAwMDQ4ZTgwMDAwZWUxOTAxMDBjZjk2MDEwMGIxYTQwMTAwZDhjMTAxMDBiZmRlMDEwMDM2YWYwMjAwAP/bAEMABwUFBgUEBwYFBggHBwgKEQsKCQkKFQ8QDBEYFRoZGBUYFxseJyEbHSUdFxgiLiIlKCkrLCsaIC8zLyoyJyorKv/bAEMBBwgICgkKFAsLFCocGBwqKioqKioqKioqKioqKioqKioqKioqKioqKioqKioqKioqKioqKioqKioqKioqKioqKv/CABEIBDsEOAMAIgABEQECEQH/xAAbAAACAwEBAQAAAAAAAAAAAAAAAQIDBAUGB//EABoBAAMBAQEBAAAAAAAAAAAAAAABAwIEBQb/xAAaAQADAQEBAQAAAAAAAAAAAAAAAQMCBAUG/9oADAMAAAERAhEAAAHmdOiXN0X5rLtcuOzVhjnrri6MGfP0sHdOiVFmOjvLi6MV3le/GsWXfR0cdVkqebWmWS3T6PS870Z1y8v2HD9Dj42iRx9nXtxdPlU9FGl7yHVspTLLXin5PI5+7D7+3sx3+H6HX9B5LatenplZ28/NXRr5nyr9cuSlnLvt9rk8+ujzObN+vlX8FurLnS6Ofoz5Ub67GfG6TsVJw236eXdKnQeazupospugMqq9COtZ7c0Klx707d3A7HJvQJ0gCGMEJKuvWNDotlR0yppOjFtwhoMOvz+mF0Y4lZfTHObpVL0c6pY9U+imG6ye67oW4k3B92ZAIAGAAAAAAAAAAAAAAAkJig1Y6LVqSGJNIcgEfHNXL1dG7ejlu4r9jH0uTPyouiD6tee16XPj0MYpSiT1t6PK6ENnO1YPU4br8G7j780O7yVzUOiFtdfr+X3z6N2Hp58xx6bMmcvr+dnbfuM/nOm5dChZXz1UQidEr6b+G++EuhO2bvee0ds+tAy9kOiZbee1+XTKuOPT3cLfLz9m/wA3XnLejzNRvb2ctufDfHeMcrJJK2FWda58+3e+powaaFmW+r0Z0XSOHoo4nfw+icvoce7k9L19nM6K8lGblejDv0c3VHovhOE4ylnu8/VmdZPT5dGfJ0ubqzbuX2MdNefbz7+fRfTmzSy+ded9DZ5zdPfYVd3TmA40U5RaGAwAYAAAAAAAAAAAhNAAq4aLM1udrHs59su3pypWeTXLHZk0FE75+QVS62e3Hv0Q4893NffLh8lbs53plWyNfJ0dDmd3lLiwpW26TXnMvoczTvxniz0Rbr38p2WjL06MZy3VTnTq7Od1uXoyTs5vXC/ndnXPfmJ9LlON3S4ux72Z9dkTDrgY1rsqCW7HG/rerXzNnNXZPJo3jTdgv6zU6DeLst9ZmjNLPXmq6fmlydPq8mPcbjKU4WnltyKUaSVqV9XmbuPp3kJ9fGW1xvhc/oresmOdnJe/bz249Dka5d0/P69OPzvR2dLg6pT2ZN8fQ4pVzv46cqrq4m4ZZ4enk6eblqmd93Hun2S36aOd9CC6Mr59qluMgO3AAAAwAAAAAAAAAAAATBV131jyYtmKfTpvyX8s81GvP0S1vDo43bbloxjoVZJV14vbHXzVry71aHD9Fy6b9HZ4XocV+LmU7cGW9uGIRlCy/RpRLlzDVS9a10b6SPPWq/VaNMbOTaydOdZ8rqZyVejHfB45UunkSrmue8LNbz+mHprPKdvjvdHXSmyFrVlWbNWPXfOslTp46bOmd2vi7d9vdqxWT5Nerg9N3fK6XN6uDLh6Obn6au1yrOLt9VyNJ0rm0XQ7KVZ9fWhZ6sN/ncWt44elPqnHLx6dmC6FdPO1W0xxZdCjzqUk4mY0yisy088VNrwl+zXZkhnm6t/ntVZ7uZrq1Tk0bcpz59Ctz3btePVDVuinVrGq3DdaGki+lMAABgAAAAAAAAAAAAABTKnUKc2kL0Qvr4K01Rg9RjVUsazHPbgrYp+T7Xm+lPXquh5bp8melVHiev5fT58sMUoZo9PVWtVcqxnddK1c5UnLoM8q101Trxz5iFXQ9fS4PQ5+v0UcThLTn6WS2KeryZY104Rqkuly7qTj4ObZR39Ge+s57drree6fDd4+zn6+HjGnNShaqpKfQ5Ol26PS5deNeijg3b58WXqVXrqwbFLn5ppo5+huuOKXXYKqUvg+p1kraHwc4sb9JdfXw7fPtuxXT9TGCnZV5/TG6Lzndr4dW+b0GbJsrqqrZZN87D3M+I8WzTRTsjbGULOrTuU+Znvl1Vrc7cckZ2a8Lm9Ti66dXQr1V1489e9jyaldHTmn1xANgAAAAJiABgIGAAil4vpVLzWq6Fm/HGmfoS2cevln6t+d26l1YrROlENYl8k1wu075K2c3z+nDqji00dPm7eLq6eO8tHM3dKEfO9DZm304sXW5/Tx5rs1hbRZlsnnTRO/NOTp6OCm9l1cuab1c2vqh6Gni3J9jRx9HFrZRGVpcqvXVS2SvfnyrOlyujz9epRV+S6hzxrPKds982n0HGvKevk9F1pjfDUtOzjyzvZbCOjZHNXLF1V0H1U1aqlTLeRZ2tfmdEzq598Nxy5uxRmvPJIvZbnnl3PFA4typ6Geg6FVc1sWXB7Pl9mPCtXb0s8IcnQpK6Iq8nPvw9aPH2WejNcYzTO2h0stq0S6+5fg3Sg5D7ZAGwIjzISNSEA0UvNpzDeums+DOexLkbMU1qCcpxhJuuNeSWHz+1brp4r7lXE+Tj7NO1wruzDnvh1acr5duvzM/Q15a/l7YZvlOyOai7O8aZ85PXUyVVdPNWlXS+7qcG7g33DL0Y3w830ldo+Ulv5PbHTdjv5qdK/mdCdbHXNSr5nanbHCndDG3oplN7IVXPFavjvVVexZeO6y2es91VfTDRbgtxXtYo3zxRKyqplpVd9dHJOuSt3cnrQ65w1xzHHm30dEoKE8OWmpYrozXzxjNcX5tPXROsqtNK1GeSmdOod0eXso5XbVc8ntY5T5uzRz9F+WuiF/ZWuWqrzqxsqtzem+OXsJvnGuTZn6eznpzTr04jytN1Gy3bn281Z6KtBiwVPrxtqpz1htObZO17rXN07bMlucXZrq+rHG120yq6HDJm2X82Uull57tnTv4Wk7O7mzUPg2dDk7JdHShjq6oOMKaT1Pm1cZ3LfMrT9GvMw7DxctVvD3Z7k1O5Qi4W3czTqtk8jStsjonWkvpUdnd8z2uTt6HP2cTq8Tp8/mdGnZyqutzaPbbm18nRvMW95Mso04Y0wqtW91S592yolkuvySHqlVYavMsNx0ZJu2ouq7n3ZdnsiFOnL0YgnHr6NXT42zhpoxdzDXknt4evPRvw9anPPyadkM1o0wjgo0SppjXTHRHplOmGo149tHSoWZqtb627z2zkr145NZTLHRir50I7Ju/PjfULTbz6ac+zRxTW+vnppbeLo6C/M7kbud9S/BKHNoxXRpjFZbQ67rubuetMs+S0bMufHc334d/JW23Hbk1Si8mqVGpWaiuvmzw00LdVGvHtZ4X1Q653YNOOfRTTZWObZVHG9VeeavpSnnNNd8FPPi111Vc5KFPJ9zkW0p2eZs1HHzKdGp35p0IIx4ujZuWXRk246Onz0Pny2XWLo2xz1HJz6etm6nqjh7/D28rTs5VeTVbyd1KzyaYWlmnou5q802YaRtKZY3coastaubqxvRh6sOiGSFORZ3OjSdV8i2eITIzzdp53a128/B6TF1cNd/P3yrlxdjL1Rq63J1cVNODoV8+MLkOtbhHWJbaee11KsOx7ipWGqJaLp3xXKojbQqOjm1V5o1a00asX2WYtkdYMPqedvn4krLK3ltnt4a8+euHaZqupZjWW/NgUunDnWzOhKq3XK813Nrq2GOT0ymVJWXYp510DJFY7W/yvb5evrmdktGJU+xxW005OfcqskKPZbz48/Z0SnU80Q6OKMmYJ6fV6PJu5q3Z1j7uTpQ49Sz3s/J3rotKZc75VJanmhujoxG+iud3Q87p5abOH2uT08jpjPdrOl5+8t21kugujlsnKPFq6uXpefXTbO/VnxadcOp1bn3V1TVeemyrILr48JaVm3l2Z7NlV8sK/PK6Ro6PNslWfA9Lx7cPM3Q7kfZy3GW/m6qcyvPTq4e7n6/Q1YLacdVuCHTXtV4a+aN81SujpzyW+diysROOKWvo6VGSjjLR05aryn1ZmoPUYHTXn6YasfZs5qcKerJWg435piv3ZtYg68e+SOPfR37n0udfxdXUpo05yacsJ5MOrl+xwvZxetyentvsq5Z2056ujmlmnE6s+Dq47cGO8MdGnRghOHV6HnuhLq9Vr8vvlLVzeli9bmonVk5bTw7tc+vkaOlkgstki0+jo4W5O7mdGyq5OrbZyV4uX0fJ7eHiu/Pqmi/DbC3Q05bcrg25Up7JZpUnZfm0StXVor1iqaDVNeyT1h0W6M2ruu5i47bcdPQtCokOi9hfVnusnLLpdsa1Zekrzy0bMGp4o3033dOvqcted18XRz134+pzp+bb0OdoL74VbN553RdXPfq5KIdHJTj6V9LeWp9TwLynM2cvXVR1a5yqrehYz9WnfPphj0ZK+ZntrwXv0pVvkdhC7OiYsq11dLNMUOtCmsmXs01x57o6uXrHYz4O7unBx+o8l08fXXl5rp62PGqy6GzJ0eH3Ka9Zjmx2aMRHW8DeeijrRtwL+zg28a34r8OFypvmOfbDO+dOfOvHZnuoRCVE3WydkoOW7kzK9zVh6U50HUwavRpT5bOERzt0Xa57xG3P0cdluJ7zpUKbLXXl5S5epzckY0lphVnosmh5829vO7JRmSh0adWDdzauiW5nnr0GnQa1ndOfVm6Y6a88tJX2Rn0FeyeMZ6taWMaeeuL5UvD2Xc67O9lMcr5stO3P19FGi0jXRZU5nVu42/O4Zu3j1z1meNJ9WfJtnTsQq7Menjw72Tq5efk15KyydLn7uf1+2odDl4eRT2OT189W/nT479Hg9Kro5OVfG7fbZTbbzzxUdrNbFM+fbvco35NP1O3x/oIdPSzuF4TTaxg5voMVJvPVolPwlPrvM+pbPKefl30fS+Y6HF29qLU6JZ97jxcHquP08uTt4NUezvPmZ6nS5Cu6/LxVV5Vbp0x08uqqdmp9HMzeg1Ql4ej2vm+2OLpciWad2OK+bem3cu6GicZZK9OOUMdduTs59nS49+K9iPPLcmmvEt52auRPGt0+ZVTfSzu/mrl1J4pWtOTUPLzVldxslKAmlovsoec69GSyT6Ovg3NdGuR0R5UOhWU5Wk55joWYNSvcWV4woUa97wP0eLmXMnKva12Yt2KVaej0JU8Xk93zeji4nU5/WXp317bcceSyGTqjfztebpjjm4cnTd0eQ+c9IuHq7ua6ulHVK6mnlfVWa7a693munTOfB6Hlahgspjydd18IKTptmPLfOG3gx+iZrm9jDp560WaufWfWn53V056mCxOjlmhit2zBXPl7GHBeuXz+L0PL9GmHW+py+nsk3z8uF3nU+muNuico2eW9LzenLhzO3uavPb+d9rR5/VLXQxxh08N+rzA7+7o8p2OenRtwXDow93XLs4U+1j5+HB3PK8/vl7LkcqffPtaPJWcV+o565ehms2T4J886eGnDmzzrvSevFXinYjzdmpCjFbug6Sdj59ds5q9pnrqtnXmmiy5ZhVn2Y+jlzqObo3ulns5eno7Ob0uUUbY9UKM+k0+PZqozsLac4zl0KV7/R8x0fOt0KzeLzS9BjosnWzETr4qdfRyc7P268WjZn1bKMu+ntlza+ks05tfVyc881NlqpzKe5DZLpcnp8nTLF06urh4G4qtWNtebc+5Z5+OY93mVaXbSslnNqyVsebRNWZWfRTirn0WXDq3hUPnahKrLut717lmhLRfxtdeW3Tz4mNfO6ufUOJn6OLqzf1vMdjk9n0dnnqNeL6uzznRL38jq8m/Lj51/Pvupwjnp0xoMnSs5TxnqZs2mu9m3hy5bep08LZzT36K5z1rtz5LcfR4tmfv5+Nn2Q6fQx9M0+R33ZOtpjzcTqa8ss7dHCvpqXP6XN9HzobuZdy923JTM5aKr66Vv6fFnz162CN9+fCrYdWldZm4dO/BX0HReXRNqjS5Ljx68K15m++GNsc8RnLOVnvv5MVrq56raYxQ6KN8yd1OaK9QmdTZxLsZ72vx9+s+ro5++eM/P6UNay3Qcq3XUZjHVqrv7M5i+vTqV1Tzz8e/mXjG2uuHV0acF0sdXR5q7pOlhKLLbHK+LOqirfmmPp8+7Feqs18uedtdsK1u+jWHj0w3jFKUt1w8r1tFn5vsUVnT0MFMLcWTNoydy7Wjzfc87u7WbVKM+BzfRcH0vPhox9rn9rOd+rnj57D2+f2ebTTW+q0ghFzjG3OoK1ZVTG2r3onbo2ciOYdqGXuSvxtWvPrn03Ybd6012MnxtGzOW07edZzz1rBVbHX18PTw9GzZxON6HneszchdHZ0c9mCXEp064+jYtZxZxKzJbm0U86HQ9VcZWpd0Odn5r9WzLY5UxhV0Z3TxPjN0q90eyurZX0Q5OqrhdsPS18zf59lCzNuMzOarssy6U1Rop3ivTmWKbWdKVsNW2tyqug5LpbORtzTVi25qcirrgiq/DX2Hft89tK9HO6qcuHn9TD02qtp0+b1KagZrhKvWCMY6mhJ7k5zzqSQThRdDas6nFuhXq7seiJZCri15OpzM9XUuh2vKD6PSYuPPulprlHm6Ks+zGpU2U3rq6m/N0fP6pVWYL+fGrRJ6jVz+Zfh6POIdV5X5Lubp2VzjiGeu7PYuKJ53IUWtm3jb4Wvm8fTxbt/ndfL2+gr5HZ1qzD26I+X5bTVm9Hq7L5m3m3qrROkLsQGluWcUYu5RfWTsZHwzoy6a/Txg3QlxdenZnyT8/TypvvrRZo0cXXnlrnKd2zgbtOPO9ZjrycXJYrV58Cux1O/xvTeL7W+dFF/CfH6GH058u6NXP3aMVdNeGevja8dnT1c6yK3qjXJZo7I5MdpRs7ery+zC6uenPaO6GaM9XSxVXnrnzbM3302W5pFaa84z6MjtnY88okcu5K1dDr3qqCjaDgVinKqS3fpzdLnplnqqJVLSsup6d8r8/RsjNU2WN48/yfeZ7vyD62fodM5WHbDZpnDk40e1z+rmOX0+lz78p0NcLUeRZt8tssNmqdHmWWazz1ozPdbVo5RveMYIbKq6oelTtSaLUYVpq1KM4m1Zr58sPo54jlospvOmU9C51RVf2Hvldyxcl6uZ0X08XNjpRmfSybuZYcE8fsc9RauXotdCyt+bLfslaYprrU86vMNtHMj0vWujXzdb63Icn6LGdSWvP8P33F7ebh+m8lbCnrObwl63B1ev4/qcvseocbvO5+bwPXU9fP4WPd5HTuXS4+vk6+q4RxCenHHT6c6IyZTq1btTT1nHn8/Hfi6Z1V3Qzqmdk1avU4YNdnP6WNZKOhhtyuVc50lOFs911X5aqGXXHpnhhqztxmrcUhG7O439CjdnunLQubz6N2dS6u/o422GdmOPM9jytT40Kez01rXC8+Jrp5c0ujWuidsdUMYcvdgp8yFs0ssd1Fdvl9s5X5G71tVenjx0c+k6ud0cvfwOWC+V7rsrH0r8WvmvXXqvJ82ro5azw5uhgvLOrZHRVdC6epWS2R1j26BGOF8Nrsa/NZjj9Xm89d1nSySt560zhSltlh0aeaUqzUY3NLnR25qJ35r8PNRozdOEmR36fPcuDFUoXla9fOyuXqtHn96vR532fI7+DhLRLHbmjuWM5t+GG89WjHZ0Tnkc3eq5y4ujYrtUVzdOyjT17OaT5bjIu7eyVS585q7o21U75claTqQnvPso2ZcKN0rw5mPvYSPPvyx1bornpZ2UQy9Gbq4QedE8t5erF1+ac+d1K1Oh0eL0+W19G2qsbdfOt5N6Lc0t5256n0uu1qWq7s0tvpZKZUWnXlOZSIqq2auZo4t2cvuZr8/J1zWK2GKWHuz14Frs8rlXeh5nOxaMvZ0JD57zcJ5J2aOtzX5y0WGM2fpLfNy7sB0U2yL+YpXT2S6uNr62SM52Y9dMZsnUjWXEo61Wrclb6SdZehW34tWLV1bmYjZTEjbLl5+nHcr5nQx0LFsw05a1Cx9UJatHPXBtx9iOst22uXO+fu30t5/tbIRM/L7z6Y+Ofr8WqcFbovFRCvWK1qp25um6VLb6XnEyNjrplnhmUqnZXdWtWR6em4X80MpdV1qx1WxvDdXUoEOVze7m9dd5box6Otn1Zly5efXl7mZtNMuxaKrufEa9dW45rK81F14ZNcd4Y7SnXTsa5DdVmL883VbukpoCc64azc6Xp2qElp2OWXF2weHLNNq/RhtzrqGKGYb82SeAU4z3ny2c7p54cXVj6050uN75Q1yvmh3dEdeb622qb6VPMxX8nsZOVZ01lltsfRnls38l8HZzRlz+glxOg3VXtrMUOWTb6EeHCvPr5umF7w3V9Tzu6LnUefjx7MXqSVFKxUhdPPRXplPl1Cm6johXNrFtLqlOMX1J46MWP0uBc72cO5b9DPj7CWuzn3QOw+NopOePXf0WxczvnJnxc+lzvRUJTpnS6/LsneyyurHNpeSwoW2266Hp0T5sYujKymrpRgoZs3VptOicL59Gbheoq6ebwke1ybau6Hn7Y69Nx7OxKvnYdCGjDX07WvPw28/p52nB0lpyaJVs6GWM8XW51U2PNNl5Ve6SmoZk3F0o7HCWLpZ5aegy17n0Z821a10Vz2Xzo0c1JLNn6OXcYJlN13OnPV2a6nXPnwdS2N/Ir3/Gw/PdTlrW/ZX+b7PFnsZ+Xvry83ldnH3X5eT1mnh6/J2ek6sN+Ss9VzaebwsnUr7L5+rkzck+vs86+w9Bb5mjUO557S9uvo0b+Hty6ac1ObvYcjrz1Z5K3VTDXfy1x77NPLvJorxX5+rHm2ZeukWVy10F3025rsXnc2m/jTtfs5o6prFshpxvlz3R6Z4pbMklm0c6nrz6mHD6fNq7jaodM8fQydbm9Ky3dq4+flrYBzp9DF0Te2VuavZmtrm9VVUhZVTG2Ika8WvvolFaIYM1eLTy82e3VatPQ5e/F1J2cecnP6/K9Xk37MXT8zqq43er7ubx0+/xNrJn14tpwgt0k4yKW68uiFNFtK1KxRVldOq2Tgq5VL661mVVTL1lfRo5LX3VzWL6IZejjlVCyvRXKU+XanCrUtsaLytOXr5cxq6+Czlp0eDspvKW7i9Pmpsjy5Wn23Xq4bK/Dmtx9PPzp9tejnujGfP31bYehmjr8/Xishonnu5x0b3Dj5O3zKcuHXbnd9ML9kennWdWXPTmatmKvJdkzx6Yb7acmM9LJjtwWVY49Jbsz6IdNpKcDFKLtWczTz6ng6F2ObkR6GPpWI6Gbdur0Od0uB8Tley8z7Hm8/dzr+f1ussFk+eWW0udjpcDpc1bp6cz5ln20PGffzbJ9XUlyKu/z+3LzGTp16yrjW8vR2p5epx3pz9HWT8fw/pnP6ofNF6bj7rDrce3nv6PT5y5Q9BXCzG+bKEeufR182viru4G3D3+RxKnV2eleV28lZMWcTlnlTW2eO3CvM86Gl5jKtjQqmqVE5UstrjjFkqTb0xqHgIm92SnbzahRdbRZ6908a5WnTlM2KyTcbqlHHUObLPOc3qZuhcx9GEerV0/N9rlcsfRr9WeI3T5a5J6K1Gi/Ny+mfpoeaumtNVOVu/BPFeVpRNde/Th2cRqnySvN0ocaPQuvTzDetax246+nsx3cGac/TvquYp61upbZwZfky54fQXcTpx69lcOpqvJyepxHPznvsN+Uyel4Hdw17KO9wezVGmfV5uLp1WR6bnXbx5Mu6Zrl9KzHuUq46vY3m7llnm9EKNDtw8Pgex5vfnzF2ynltjnsyKdN+ZPfq7vJ9mVe+ZghxKvU4e/fnM/q83m78rR38PTrR1vI6sT7nNuj3Z6HR4m/wAamTzPZ8/9N5NUYvl9a11SjmxVmiUoM1onnnjMlWqrTPJblyUXp6Lsd0daaRVmOiQ7rM1udWOFid7oRK23Nbro3Fc5zjVZVfOh06+W2Snq4a8+Ln7a655mgpnTpy5hOO/NnVT0fa8BdHfvV5Xtae7mdTHvl4eXTk666rsV/kdF+fqXZfl8XruL1cXPszG+q2dEVm+7NbnaJQCRW2pyoQtOzlxWfRR89pa70MHb5uuid8Yw5+Pv2dW+B2PM+kl6HpHj4ePnPRY/H5vo5+y7fzvr+N7PpeV0MW/N5l11PndfewcN9kOlLHKV9s8G7lrddhz65u7RyJmjbkq669/V5uGuXsrjdDr7vTmPf42fO8L2/mvX8vjX4pc/bZdRbG+3dDr+b15Lth18fIuth0umZllz9LLjWpcviejw+hbndTmZebfer5FfRz24Z0dtHOqXBdyrei5JZTIrSk4AWKoZbPPJa1FDFfLOBtVFqHGEd5usy3YrplQzFsoDdttE8b1Tz2NXxos3my7M5a1xzwrCvNdnrrRnUuSfPrlTfThFT1Jxktl9cU/QW+b35hfj6cta5i1rCwdHJedd3M7SrDg2daqVOTLrPJyr+5dDt5C6eLXFzWs/dzzhotj0Yn0bZ652jqWwpVvu2ciqr0wpy5nZDb8J1Mmnr9D0vJpp14nOhfLq7MVt2eC7mjzvVzft57aeHhyzpuv2XduF/nOMLqr8mWnSX3RvzR5rW5eti3zY9XPOnV1tWfevW7/Kek476ebrp9PzuBxvX056fDy9N5rMrOv5t46PpO75/wC35OnXXe+vmyUdLC48/g+o5VeHg242e11udn1zzxsnpuFXiwwcL2k4k23BssdbQ4kdJyg0wSCTiIslUMvVch2yoaVsYLZdZnsnvROiTNMqGs225Z61puyzyr41m1oVLRMz1bxfSompVadEN8h9fBgVQGYQu0FcS7coz8+dt03zpTmp8+zXktbp6ePdzy6tfJttC6vJVV6tT6vJ313ZebvyutVxzurOrpdLi9TkdLo1+fx0wq0dmatECK025IYlunxIdD9HLlXc+/LbI19FpxrxdPHbTr6mO7k1dWyWeP3q58/b1uf1rZ+RyqbduuriQ7eH0MdKb7Pl9fnIem4/Xxq3BPkxoIMzjp3V36LKuhryeX3bOb18vVlwIdWO3XyMlM9LNVHL5cLq11Pqc05LfSNvzD0GIemo4vM9jzteOzn66urg3XeN3cfdZojbNwe9570fB51Vtd/RQiLYhEiLBoGAhEkAMTGCBSExySYm4SHKUZJzlWwvdQ1bKib1plmtyrpZ7W5xjXqbpKd5sux3y6N2vH0OTbWluODL1s9ZcxXwNUxt0O2bdPbx9WbP3YZ58cp10xzKb6+ueXJ6G6PX5uPpHheXl3c1efHpnerGx2ceJ7sO/JozVw9GW/NVp55YMfUzbMdqrT0V4Z11rsxWSezF1K974uf0hI81s6sJ3CqnUNsKy0bTFKutNcMkp2a+Tp10dzv+ds4Du5OPn97zTna4Y9AsoOHfT08f03H1cu3X5zt8XpZONo9O6non5/VV0K8XPjocm/o2n5yG7ldJpux3wrpi78EMsrOmOGV9+erL2a8nI9eKOmxLk9mnfJwKtkLUyqUcgAgAYAAAAAAMSGJgAAxANoHJxkiTiMslWxzcZDnOtovdEmrqZVbmqZ1tllU5W6G/m9DlpsnjstxrB0M/SY9OZw7O/n5ih53odXiuhvo9Nk5efp49dfPu10WRWzl7q+hGzh7L6MtlfKz8/r8/ozOdOznudDK8S6UMj3O2unL0murjbynahi1SnLBfO650NOeTqM+amfoGbBCEL7eNk6L9/dwKY59M/P6dW154Z9zov6PKzvfPzWwXWw2V7UtWGyRbDN069JZJ+bimFsN1zc/Zzunz+lu81KlLVZLfZ07c/Q87NN2S3t4+XR0K720Yquhzb4lPo8e98++xTLslml4wy2yxqVKp2FlKdu1p4m7l48vH6fJ9rmyU3046UBLQAAAwBAxMAAAAAAGAmwYKUQJkQJNMHKMk7HBmZOLepRUdZUJQBzqtnXZ1eLu5tbsemrr5Oj2/I28D9Ng49Xbx6qeca7tfO6EefHNNTt04yypS3beJZjXoDhzHsrq1vq1dHF0PPjRm6Kty83Q7DpjKazGV2ehy1cnfLppndtcKylppxiGaB1Rolvvl25MNtHRw77+NPmvtjr6i6eHZ1Y44+bk7FXU+P0q+Wl0OF1i8uF0FGfbpLc+eMqqp6dbVinN7OnxJx36jncbZjGGXVxVU+p5zZDr7F9F+Mvlda3sh5Cfe52q53Yo16PU87slHXmmuyWCevJOlpZq4qcyvq4KazSLabnHrKXF5zF6Pg+hjJToodIDWdAAAACYCabAAAAAGA0ZbENNCZJxknJoRJxGWEWDkkhxFsIuKRbVPNdmjFrkWZdljnzlZDRVVrsbzyujIzz6eVdFsHhODXjrOmitqU6djp+Z2ctfRdDy2iUe3hjk6uforldaHZIKpc9sKJUNKr6Wa8x6eZ1Q0b+bGJ0efVh7pV2V1Lp2W55cuoR0Stiic44dmzBKeurg0a+jXG7lnP59dXLJb4+JR1Od1ZpziVMctUjoyz2PmeOOwcsNtley90NO4ViePfKvPR6a/n9XgzU7V6EYVaE1lz78hDkVaud05n0Of1+P1JXRjnnuJXZTy6Y7hxq7HepHVv5beUz+m4HoceDPpoN1HQlHt5pdTvkQDAAAAAAAABoYxCGgAABuLHNRYpOMzTkmk0J5iC02gTd1d86rWUYXbhxoPm7uCgZGF2s7OVo6mbGLungfLqPMvq9Hkp0U9KHo8596EJ8qfctkecv7Ut633cm+HHuMD6FCrpZnnkx6VKo441uGmrPRdbcmU3We3FCNLsdxonqNPLbj0ku/nNWTpQ7LOjdfw6htjmtx9KuL6MZMO3kdXG8enM756lZK0tWK+FdSorpzPLer0qrulzmW1Qb02c+we4jYsv0vlyN/arJbqFtWSrr5bON0+Z0y5unPKHpLXTTyvv6fKz3H1M+Q869VPzvpOfo53J9ZT0S4PRd3DfB5z1HmPa8blZd2Nd2j0Plu15vt6fP8Aq+L2eDxI6KaViBgAAE0ADYCaAABpggAAAYA3ODTm4jyyIxoQASWp6KNUdvpc7ZOt0+jOMeRHv0OfK0Xt2krrpvJ0c2Yt2OFv6V4eW377efozy02c+M0N8K8XOx7sXW1ozuivMa5t9Qq0uHN5m/ienz3V2a+T1cenoT5c4HbkrzEJ002aDRC1ZYSxw545+guldn2cvR6C3m3Y5bsNmf1OGvXxJZ7urw7snTz2zxR4bX01y23ZVCZbcaF1JXYFwWQVlOhwuUs1VWW7fKltxUW6/j2410u15W7OejmlDrS05bIMh1ObN9B8Cbz1Y0zVNWzmaud6dlGla62nhdV4poXmvU87uedvx3vny66uLqz78t8O7sZU1ycvJ0snZPJG2vCiMGgEhoYAIYmwAQAAAANMbaAbiwYIQABOGvNr+zxpclfR4qc1vIz35dfV3berx7+Ho39HhXme7dk0Rlfg0xvz8W3oSzfLk28ynLHocfm9GPVYuFroro46F19XPjz45t9nHFftZ8TJ9S/l7ZdGi3BmOfsYuVou9ks+rlutOOnEu1o5Pa5eoCu/H5jN1snTuno8uzN+/DDTrza1hz+p0+mfnN3l76FEJ0xmUMG1qorarbKkw9O3l24NJXG61aOds5aaFYniiNjpqiGukzgp20bRqxSnXqU1aMxxZdVd9XdThXw3sppvs6JTulTPZoeJLdzLBbksFoen5fEvsSolQVmq3Gsmha0aedqnezF0MtePnU6aaqkaSAEIAAABoYxNMAEAAAAxMbEA3EZISSn08PZ5vW7kdNnlcPmT0dfp158OvLmM0dNNOfLZlr6ufrbfM+jl27cnTUuLix34+iOOKwdMsGTpUb7MVt1nHd2vTIwU9HHfnyV300cSpD1a8uuPRbCfOr57qctdeq7JbDWlaUpZW8ThtWA6t9ar2GPit4uvvcXqyVSgKuM4m4yilmVlBp7aapNQTWdMSRK2mQ9V2fRPbeu6bp1V2rGeV6sqarM9OXPhvq6KQi1z1ldmktdOWdSwp1276bp6VzYduPQ6Sw9jkV86F/PprbvPkuctuSp3pGKMWGnnUpQkgtrCmqmMNc8KbI01RXdUTQCEAAAAAAAAADEAxMAABoBuLBi0q2z0fF6/lep3KuJTvwexzs+Tulp1cV66+1kw2Y1rlllpX281Rn6Z+Ytvzbs+PN2a6uShcVOpZzd8KhHFfn2VUZ9nSpyWZ3W7p5tnhtjifPva065WX6rn0SqhKcMsbrpV5rUoVWrWoNLB7zQ82M157Of0J4fU7/P7/m1P0ji15fF0+g4fTmkY9EoyWiEzWaxoAaRbv5u2XR1rspLi0x5Ob05dmrkA92JstEtv5L5TfKa5kOhkpmN9ExynFaN1vKjiHSpwlt9qvBpkqsuiG3S5PNK3YDJJrQSEJoYxRZOsg8MTNQqur1OpSi0AJgAAAgAAAAABoBgAADAAeyrow79nWznn8r5u/N6HFzK7ar1rWmyds1t10dZrrlrEabaNQkUye5Qsa1THS0skr6nmEHXcky6NK3tnJ5Lb5Iz5u9aLzK9HTqvJlujiOJ6rNLArYacha5lFRdZ0vbOG/Y2eR1nF6XlQ69uvy/o8XMU/T83RzrcKy83H0Y52bRRTvQlx0YR0rq4tJCZoknl2KDplwcjadtkXTdOeW5u7Ar1ZlRya6LcXHd99fTr6N2rz3x8Xp6urm8pHs8joirqVmlzqkOdsL51qhuqJUyjIs0x5ipRYoENZaQOTRnThOOsUxshrEQEwAQAAAAAAAAAAAMAE2rVs7PM08/V6u3n97zY8DD6bi+hycaq3L1nSv4N8d9aGCVcas9NelKoT3G6knvtbfM9Xm3s5+3PWFELaN1qtq0q5Dq3cxy9sJBGWjIXNeK2nD0dPn6lydjDzl3G+qnVydgaTE6KbcFZ66qqqFtuN6oT6S5LL1nk74vv+Y6/F9zxr+54eXF2dPn20dpQrocfRWSikRkxxbaaU5J1lkRJDZK6vRPRIZlW1w1nRLLm1HfnyKpbq5+ldvb1Z93ltWxXTzyqshafO4na4ndzxkji73dVdimvUaOV1VbYW5uVVvw9GkIxQjKLVUJx0oMFqbUs6I2J5orvq3KCYNDQAAgaAAAAAAGACAY3bXbje27n7I4qunmours83TeHpPPwlclZXr4O+iGiohKzPJldd8dqlSman0j0fnezDdZXzeRz76qfRIY99Ga1kKE+hHPYaUMtd+aVsOjjozZurUcfHj01q2J9FyXFl189cYKujHZzo60nmdwjvyy9qdeLH0ucx5q7q8+ucHJ7MaY5L00LQSEqo3RZnjfUxOI3IQNtRMzlWD0WZTOdksL0tdNRpJETYmsgxGuh3PK9Pm319MLNJEoblk4Xf53Zy49lGzz/UjVvalTsyTRuVU9Sy8zv8frljET62hJQhOGhMeW5xsxsbYqadVNJZ42Q3lAJppgAAJgkAMAEAA5Rmty1ZyZqjBJbbsLzmmPUzUeRtsi2CHXHSu1YL5V3R0beW3JzekZnD67y/Q5K+hz8+j1fFr4+nl9xunyNHB2b7eU09WPXVrGfTh1a7O3fl2+fFTiuueiNWnBRPesb50OhTTGKG2oXJr28rpnOGiyF/O9XHHVPZ9PwnSnD0dnM61Oijk9bm04Keb3NMunxNHps28edd+Cj0wrYQTHtiMpCemNCGCExNMGhKUUxgACBsQzf3/L7+bo9Tmy63x8vmdbienDZq5PX8v0Z2Mc512WMx0bOXbhtnyp06ZxSzWRFy0oTjpJjTnOM8UkySI06Yblir00UxWpIESSENMAAE0AAAySZJyyKaBNSaFOAF+zDZM3U8/fp4oemwGOTuwWHTbp7XW4+jkdfrPz+fn26IdcKub2c9+fh8Xo8n05VVqrPTNQlnadl+KV7b9HJ0WV6rZcuSTwb59NWB9b055XZvPq8GOcevp8rutDXHNmvXdn6N3H28hQhjXLv0V1i4EyOb0XDi7et5GPL1+Rs7vlPScfvS856bgej4HQycXo8nocyruc3SzAYoRkmk0xsASAGwAbiJCmm4gITBiAFPo8vVPp7VlM4c8MOzF282KUY56O1v8xZI9NLhb9K7mdbmdPLzoyjnsYKOm4g2IY5QmtTthZOjkSSSmtZz59eesqI2xZWTSIkmOCsQqySaQ2mpponKEkicWnMnDI4t6RfG+bwGjPXMt/Otm+niq0MWzL1ufo6nf8w8T9euWa4+ngxR6I8/g9jmd/Xgp3Z+IzynQ9W7MF2a9rdw7ueErs+fo1694uxwV5WXvysuXrvhHNXJ35O7z/O39zGezZAnyZx9Xjc3r4evlzx9DWzo89+X07eX2dJLzkzn9UN+WodKNGiuVN+bHK3LmhOG+m3VgsgoQlHQho0mwBSQk20yJIUE1oJwEpxTAAAE200kdPZwdcTXnll6YqDM1GPLTQyzTlZmdcZb0E4SBMekADsrtzS2yFs6NuQokhqurTXvOSGmp4qVrNUyusxvPHYJYI7a94yyvDVEdFeoxTaROGjNI264SMaudNwv1b+anFr9LNT8gej41+XO6HXfeOV6Dl6sXew8SnH6w8305arN+StKZacM4ZOXvp9DNVk9nH2czVu3wrztG6Bx87J2MvVnm9HnRW/Q08rRfG+eWGNxpH0Xt25Ol5WstfTovz1ZrFTGKO7HlVd/yPquT1egasVPJp8j7WXpT+drq8tVdtJLd8s8tMLKjKJidUZpkGCbFIESgJygDsqknmLGOJJCiwGAhNxkaFKIhqS1OKDDAbYmkyLAlFMkJjUkJtprSTTUrqbsVutrtxuU1PJFzNKEbEyirTHWcs7Wtxm54aLJiz16o6WeGuKXPr11XhmWzPhVSJDe7BPOvQafNdfn30tnJ3YnplzOb18ff4lsqdvAy+m4WuaPZ4nU4/Su53p+TTy6JZvQx9flX+tqjLzd0/P9flSq0Rv2aHns5caVmqrN2VV3t1Hl2cN5qMFLTKibc89Ofq5LdWO3Hpd67nXcfLor5vN9bg7GDPTWup1Pktxexx5y7fa0c7BXw8/W4lfd6XqvP6lz8/KVla6Rpz0ObCsmllJGhDiNgIHEaABsQlJKZqtXVawhgwBAMAUkkmgbQNADbE0AmIBjL67J20ZbLyGSM66klBp2XUaJ3tuqunSdkLENuTIRtGqVcgodwtVynJEXNhUrVrNcpyzqqOirUasuynfPlhreK1339bn7eRX3bDPEt6nGpwdbkdLab8xdq4/RjVmlYt8nR0XO898dnHTl4O8u3ly9vmcyM/ScGvP7PFisvOD0I12RxIrlo1rJKyKLdmCcqdyzi9iVJ6LK8w8/wfX+Y9rz6dWGXJ39TRxQlvxKzqpQ9K491yhAzqgSNZbr8usKmUNmjZztMNUQlHrBtQbIpqSS0NOINoy2mBFSGJMSQJuQhDAYhiURjY2IIziJAxgAAwSUk0mCacg1K2q3DtzXz08ZbU5ITbndn0TvouovlS2yFq05qYJTNKssAg5STi5tFbmBBWDUJOa1mp2cy/m0QWe+9YtvHXD2uR1M9npdFHU4ubicb1WL2ebzeqGSOrcGuxqm13cXbXbPo73zOkcw83o5Oe+p6TJHAoWt0jDQp4yVbIVWNbHneWvVRqbsxXLeuELBQjONZ00X12eUsjz0YSyQk03pswzytSzS2Sco4WgzWoy5epnvnGDzQYxtAZipLQnF5ZJIBSQMUwQMIqcQSmwqYMJxE5RcXlg01JAOMk0hiaAAYwi5MIsENwkyV2aSd2qNWHt56z9HKJxzad+e+fRqvz6YVtuqvWpSLAi5tqp2A4ObTrnKQQLBqssAqlOScMPVeoeRl1ab5u63P9D43XwOd6Ln+35t+vi7uG+iieP0ZdOXmISn2uXu0a7cO6fH4uboW5b+ivd851ebfiyE9fD6vPOzzJ8dFjncJOWsVwujpVRuSM9GyjWcFOzHssuz3StcRm8qvQmskNMAxznoL4tW/mznKm6VVKrqdzh7PMV9PH1efgq147IsyzK20W1PBFBpkZA0pJwHFqRGSYMBSiBOLTTcRDEwBJsZFITTGJpji2ScZITICmRAkCaZEHJJjLqjL05rW5w1YxPdjRbFTlCW5XUXZ6NmjPp563X57jd1td2WyUnmEpMcSxhW7AIObCoukaqlbZnddk55eXm+gy25q6ed0VyrTptfbGzpbvNXJwemyd/m+F5/qs3pdPne0vN8PH6rHh9Df1OZD0mbiJvt6uJ+aXp4Vx5/H3uP3+bwqrc/S5qsnqwqmassjZLefNuxXhjetT6I5/Qek8/0fnk/V+d7POzyjLauybt098TP2rnXgUbc3Vya67+95/d5G+/L3cPoabXzLk4u5w+uGGFkH0jRlxU2ahJwzklE05QkhRAHKUGiSE0NpOURii0NzICQOOk0zLE23FgBIiiyBF5bizUhCG0hSQxtIEmwYNoUWtIi0wvounbZpz6ee111OhbsvruxqVitYnZYOh3sKHcwpdrCuc7c1hK6eXQaFvNcpMOL531PnvV8DZ6z5t1eD1Pot3nNy5+tVmt6c4uF3eB1c+XzXqOTR5+vR6/5j6aJZZ1+Vp0UXEpqC68Zuf2qKnK4XrbOGvzqXt+dQ8zP0FEZYblKk642xtnPVtc6ZvReffPX6BDxXe6Y5ud7W3PZ4rV6erjORLst48Hyfe8H25ncq6Py/Xwuf7M9yXzyjgT7vP8ARYq6uaHKhfR09QyXNQTkkokdoQ0wTQRnB5TAbAGThatITMkLxPM7KtZlKEkMJDByyFY9qEnEIxkhANaZZfnWN2VbmMSLyma1EnDWXfmnnbrur3iACZbVbmuzXj283Tfpo1Z3PRXoxqdquTJyk3FykyCsHmssZqNjnOhIWpNQKE0sGoZeB1PO+x8/C3Nbzex2fX+E18G/e6vL+iyruJ3+f18PnezllL1Ney+7zJwhcenHE9eDedxi2To6pRpmLy0pdPDoqM6PM9C7U/Jy24qu3Q9/m+jn1dKzl3zqPQSvDyub2i2vNelhKGrkHo8qjOD1Xxu5HeuU7svOdEwaFT4ymdXNo0c+2aqjbX0ErKJR1bANJSigSYEWCYJtIBhKIicqxGmqMtKzRic9alQ6YpLKzU1GeHGRJqMRttoSgpx0AGWWVse3JE3MZHLY5JxTsCltDATQAMuqtxTXvxdHk7b9MNWNTvV+dSsdjam5siTNKssGVSkDGJIioUiiOTebuZXxuzwI4lX29s7qr/M6dFuax42aubbo9Z0/CXkO/Li9TfXs9Dzdvj10CPQ5REWUzaxSxqRmOTaM5EulThZCVO9ZsXeqN0dC67ytVTkehFDdFBs0ANJAaAYgjKIQy6K9axGxRt8QQdHM3BoGDEMTYgQJsQAxNCHFg1JCSBhKLTaaETgDmhgyMhxU4Cbi02gak4W51EnDWU4yTUZReZRc06000xNOQmEopMaAYxoV0bc22dLD1ODv066tmR3lxpTctA5PWUSbVbkwgpoIpxajXRzr+bfzc/I9Hy7scIV7XNT4OmdsJYzOcJULJ0yFfOibL78dhr0vc8Z6Th6/QFV2uNDLKKmJxbAAWk65DzmscM1rr3VLNs4SmOIrZJQktA2EWAmhsTQEaNGfU6TBdvr3yrs418LTOqCTAAaG4MGmDiNMBiEpRaBATIyFFSiwATbQCYA5QYMATIgDTTAGDTRNwknEI7LZU2zVanGiSTQA01OLG4yQkDGmMH0M26Hbr6eXref2z1GjSJt7xJuWsKQ3kJAoRso3iyGDDbg6HP5nG9Dz+tystXRaytHP0klPmq7ISypSi9qbhJk5VsLJ1MLpUzDR0eRbiv0LoeB9jx03NHTzSItjAABCVV0XqqF7y89yqDS88xWxbCtWIUZwRq0rHmwqbc4gnJDShg6KNcqPRpy/iUoOsmmmk0xtAMaaBA03ETaE8oAbEBJDaiANiEmJjGgJJMQAmwAEDTE0E4A5RBhJJO5V2LFRNb1FyjlKSBsTbAEOyvTm1vVr7fnerLoGrnCxz6IqRGnPY81NOXorjYb8noKPLc/sj6vneZq6Mdfm54nRZWnz9CJEdRc2iMmwGm02hknBimQGWSqkFkqpJ3TomGnu+c1S6fpOjy3pONWJnZzoQOTTRAmNxbSTjNCqLRahMBJWGityERJJCbEIYxDGkpAIYj4ABVNxkAhjAYACENNCaAAAAATTQ0JtA0AJjTAAAaYDTQAhADY00AAAMYnETAaYJOQmCJoIsBmrNux00dO5c1ej2uOuefej5jN6nm+sz+Ro7Of02Tgx3vsZ+aKumup5pKKI7AJtttOLkwi2NJoZIAGIExDG4sGRAkIFOdMk7ZVSC23NMfc9p839V5vpevdVnR5wBVAANwbGMAAQJgRUhtMEgYCGMQCBDBOIEk6Hi2HLzdC+RAR2NMGCBgJsQxpoQmhAmMAATAQ0AAAAA0wBgAAhoTaaaAaYmCAZpMABoSAYxNIcZDBANmlVpldZNWvCq8+7PQXU4plAZJobCJJpwcwIObRWrRqqYNsBoAYAIGgGIaaAGhAxAMQEnBjm4SRNwA0dbiaZdP0XreL9f5+9CD0OQBMGmmDTTcWhgAJjIQsp1myWaeKXlTamRAmAkCAcXS500rH05+Qg+eqGAgGEotA0xilF5AEJNMYmMaAAAQ0IAGAAxMAGA00IBoBpghpyi0wAbTDMRjYAhMAbGN2ReXqoRubjI1qLkZaGAwGgaYMEADAYCYwiMGhoGAZQJjEDaAAEIAABAwQ2IFKUGnNxYOdcGuh7D57v5+v67Z5f03OpKS6+cBIcJGlCSktyE1kEwIuLItmdIkIUk2hpNSEBHD0M1McmjUb6vjwEoADQAAADcZIcZRaQAwBiYIAAaAQgYAJgMEwAaYDEkAmMTQJjZKMk00NSASTSZIQhtyW42SeQG6ZTZoiwQAMAYAAAwExghgJgAAAIG0AhNNCaBADAQmIBoABA2IAECk4ic5VyRNA1TDRn0u/9E+Te28T3PalF3f5EkFc1koabQ8ubixSINppIYJ5Y00Ca0ghFu4pEW1Q5lYaqOHX0W+fJnJkTQA00IAJINTjKJkAQgGwAAAAABNNDTTAQmgbcoyTFKJlDQ2AADQADE01KUJZCM3pwnKeNRsYsphVMQxiYAMAAAAGJgAAAMAAAAGkJgDEAgSBoABAAgGgABIYgAAAAABNygwnKEgdN0NYp9V5L0HF730rVzOl5/m2Fb9aMxIUE6tK2VU87mkmTlWJWRcQkRQWFbBjAiwTjXcNczJ16t1+JKSfMJpMAaQ0NtMJRaEJg0AANA0AgAYAAAAAJA25A8iTWkgEwGAwQ0AASHGbmtqcnnIMphA9CYxoYCGAAAAAAAAAxAmgbAQMAAQJiAaEAIAAAQACAaAABAIBiE2gEADYmEpQkiUZR1mjs8fpx9b6H1/P97wp6HGXt8QBpKm6DMEehl1qd+a6G5gbxMrGrICZWrEadlU8KSZrM4wBqLW9fDQCcRpoABDGDBNoDIANDQMQAAAADTBIAYACkpDGRWRBoGjIwG2JoZJrSm7MsY3gB0UWDYMAAAEMYhAAxiEMTAENMQNiBAgGIBoAAQAAxAIBDaAQgABAxCGITYhjEAxCG0wbTQwbVXW5faj6/rO/yet4ErSjL9F5/RfPsdNhVLBOKknBuIpOqY2pDyKLTYky2IIjIGWQjIUSSNfCmjcRSTSAGDAGmmgTQNCYmNAAAAAA0AADABDY03Fp4SYaRJJANsk7M7jazORjogDScoNOdclrKEDYgbTQmITYhjEAxAgENuIhgmmhAxAMQDEA0AAgYAkCAaEDQgYgGgQNA2JgAANMHKDRMTB9zk97l932XQy7PI8yClH3pZ52RnrMR5vTyegfM6fJ3SYUkK4SpV6FSSr07J0vBaVTZMgmSACAw18IaKRk4sBA0IByE0kA2JoQDTExpADAAAAAAGpA2nlQHHYOIm2SNE3ZhqYGRhTI02IYAAMAAAaQCY0wEwSAAE2CAYCExIJJAAkDEBIiwYgbAAASASAABACBMASGJgwBgMENAwAbQEpRknv8AQ8L1Hme/6XTj1S8eJJermMLY5zy+d0eP3c3X7Hn+34XqaVFd/ITzyavVTGV2RbJVyw1C00QaeQAYhgfDgKRbTBDTSYJjEIAbE0IaE2IEDTYAAAAADYJyjKDwCBgMbshPOrGpCbDWQG2mDQAAAwFJNJpoaE2IaAQ2hCYgGIQIGAgGhIaEAANiENpgNDGISaAAAENAk0xAAAJsAGJgDQhoG3FhKUJJ9L1PkvSeZ7PqL+dbTy9ryXdbvdaWcHne95r1fM6fc8l3fA+i7luctw666SmZDiNRmgi3AdrpaLiqTTaiEnWx/EhlIpjATQASGoziJAAJjSATAAYJoAGAANSG2nnMULYNNMZNMsjNDkm0wlpIBgAAAAmgAE2gaBA2gYAAJgIaSExNAmgQAgAATAAYgGJgxMAAAABNCEwaenoS7uUej6PLrw8Pfc2kPKGvJ1co02wASaBtxYScZJ7fSeZ9Hwe16S+q+Pnpk+zDk5C4vmvVeU9nytHZ4/c+e+n69lMzzZEodajcnhjjDaFa085aMpLoJVTabmoiz8dq2qs8b0RNVxuRmoYwi4vImDQCQmmwBAAADYgAbGm4Tg8AmaAYElJanKMjMnFtSE22JtAAIBg0IaBAA2JoQJjAABgIYhJoSQmCAABMAAAAAAABtMAAAEJoY1qr6cfQW2Ofn82+jl0+3y+j7fz2UOz6b5av1HPv5wvS+c6uWIHPdACGgcpRknr9B53v8Ptev2YtfJ57pvfpSzWWY3jTw9++p4vt78PJ29eum5cktGGy2tNbk81ucW24CU1BNyBpxrlW8ijHT+Wsbkoyi8xg4aURM1FNIQA2mjIAmAhAAwBjakmSQsxTjQAMsaYSnXYnJxGpOLZKUGEyLaYgGIABAxNMABoBAMaGAAAITREi00JMAGNNADBACAAABtoBgAAAC3Ztquo7HBbBxrsvv+TCEo8vQgWNWeg85r5+z2fl+5Rfy/Lltdrq2d3L10x6qlnjSvz9PNp7vD73D7XpN2HZzcUnZH0IrNfipzYNvnsnbv6TRh7PidPMjsx9cgjJaViTG0huMVrNs84jQ80x6nkjk0RrNL5cOO5EVDWStptMMOKcWMGhKUWgBNA2CYCY0DGtODjrAhjQDBqSbkmhtPSbBIaGMQyRECRFhITTAAAAYMAAAGAhGSBHSEg0xPLAAGADQIQMAExoCQmDEwE0KfXyXc3q75KrXnR4Xo+H3cOVaa4d1KlFzLqbMV72zm9Lh159aD2xbrqfFtCFuDq8yzEl17197h+i8j6DvaabZeboKZd0p49eG3J57znoPN+xD1Pr/m/q/kPpPW4rdPf5nGL89hIgnO2hZeiqTZTNmdRVoZrnTDS0rPEXzmDpvBxE9tBhgCSTGJghxaYhiENAAATjNaTlUTE1tpppgMAckwTabUgY0IQtIcWtMEDEwmRkmxjQAADAGhAIFFw1kik2xSxpgIAGMTATQgAYAAADaaABg0zXY05t/n24+rm7vaezl9LLxc13Tj1PL9fyXI9l5T3/AJrNZCzl9LqdLn9Hz64JvZ6vRRTbw+bwnWQ7+pyjLl3v9J5v0nm+56C3PN+TKJHtwZL8NeXi+f7fC9aPT9D57v8AyX0nd7PnurTl2cvrZfR8/nEYK0nW86U1Wi6qxNRnUk7o11blZGC1T//EADAQAAICAgIBAwMEAgIDAQEBAAECAAMREgQhExAiMSAyQRQjMEAFUDNCJDRgFUQl/9oACAEAAAEFAl/blGt7/o8xcoR95PjNN4eW0qZblnYgHJaBu/1GalfIZswOa4V9AZmK+JjacewVOF88trwzL6KSTawKMjVV0tpLxtLamNarhalIXOA7ZLfNf3VBQeLZrK2BEdMh0gHX6bBru1YjYXVx4DiK8FuIHzPLieWeUGZ6LQmbRbJtmZn5+sv2H2/hz67QxmCxX9zFHYrrGZoEUzHeJvhvKBPJmdwjsIcqNQP9BzAq8ksHG70VKVeNQQrAmZKzj2BbLbvIxGQQRE6h+VXBR9n0yXrJLYBNcxA0BgPdfJ1Z1RqTSdnX3L1PmXe2lVDITvUyL4wlcf4tGKmhmMASzPi4vKxFbInzCkxiFA66vTAy2i6uEQGAwNM5mZmbmbTPqp7z3nsT8Z6yZ5RM9M+qlzEtwUfYfTmZhme89H4ZtQcMrVHCe2ITZGm/tT4ayGzWCoOWyIoyuBNYAfQwfH9XMU5+kehtPl8rX2D7vcF41iih7NxSBCA0WpliUkqPcNcRV7zu2orGWMdpadYhOXrxCIDg5Gdyri8mZAQ1h1enEf7eQ3tWwqONyV3I2j7K5vlzZU4xgGMI3Sf/AMo4wFXGuKkHM+Cj5Pq9IaFnrmiuv6cmNWyTMVvQ/BH0ATIEUkzYRWzM9HtRkRT7/iWH2lsQNKbdYjbLNpuDNpvsZ8QHMz7s5jfcx6Z28aqMVj2MJ4RC5LJTHybGtGarBqO5j07nQgOf6xlr6hXIKXZgM8ggOfVvvrsArSnbj+56wa/ER+4/sZCfJbcS3t8nJrWtvgs3u6LqPHY/IFxsGpf7nt2K2DXkUqanGqnv0B6pf28Y7BoyqVapptA0TkssTnLtZYjtd9paZmZZ2M/+OhDca1Pbx+TmE7S04ZXwA4P0PxUY5sri6WC3iia6sv3GuKh18atPEZ4zMYDHUCxmTbStD0Pj/pUMp4/cV7JlvGyDkFDOM2U+RZ0u+Itsqnyx9sDd+2NtGfWG85GAg9zZ1RACL8uctVV5XMqeufpwTkg12lRW+yzECgf1WbENgCp2lwyDE6nyPwDNgILMywA26ERbGqTjE+KgB+E/HSql2LNad4i96Em7IFnzH7gY602BgBlT257LDWLcdbLks4hqK0wdFWwa2OzoEsD5Hk2DcUNGRkMzFtKkcndCu8wRAYT0xxTRbrPL5AyFTRZsDYDAu8+2AzP0Gpc+/LMpX8q0x2KtbdgrDZjgS2gOGp8asDpX9tTdDoVjCr8x0zMmtta7g3C7qTxKpjDIu4+IciB8Su33dGNRmdoQSyvWpnizPESAFrQ2bFrdK0u0D3eaeNAmvfGu8cTW1jQ21assH9UQx/hzlayRXnqw9BsMGE2m0Bh7CSjtbag8GahwVyvKOUurFSpq0pyILWBTw3VcjVgfgfYq/tp7GRi1lQSoaZdx1FOpozYXqwcQDMpacevZXrzMaRH1bCvLeH2yshgTMI0Va+mQGOMJ80lQFHUBmJW2VR8kEQt2hhaZMzGXqy3UGwamxg/6hs1cnI8uy+0QuCWwo/UgRuSWjcjFdS5VOivbOZ8KDiK+0esNGVlYWFZ5cw24guYTyK4dY0+0VWdb9AiB1Y9TXWe5mdWELAAsxhbMHRFhyD7cd0J0PmY/rES8dF9QhJHwCqmYiDc9gt1NzBfrK6FBSsIZYrCV3NW1PLVlvHmsddRRa1TN2+cLRb4+Oo2XP7VQ/byuc4ZV2GuB8HT3FMlAVsrG999Y38Wop7tT/m8i1WKtdkeshlJDlpshV+MGPurPGsBrOWXGJiZAqVdo1gCg5n2wP5CfYnm0b9Wc08j3eRGljMsFuZtiHDRhqW7GIpwePdrMbKVCzaO0xhVLlq7E1yNR7Qhm2S3YFeIIwj09nCkOcsxI2hadZIzBqq7nAbodMLSHPI93UYbSyjEdTG6UfFTCAl4tamDClbYDn+uzR8tGxDV1trDbgeQtAxRhfhm5GYbsiI2YEZiK2J8VkfirhFKyiwhVQW8vkUeGw5EzsBmuA4AH7ag+CsCMve/iiEMthBNh6ABViAla6xsszBRWtfVLGu1HSyNQu7LtLK9Zr0x7e41qWJgfBo5U1BjKYNYbiVsGs8kWyCwIa+QWe2vpBFGStZVrS2EuGVcMMYLn9w/OvesSUWew4cP0QAJg3OKBVX4wpXMYeRrmZWNzVivkd/qNp5FWC8T22BqRDUZoY+IykRpkiB8s3UBmYWILOSXfFa2lavN5A4xPvJHsoXxrRnYV90/eVXK9HfEz/UMxGbMFSgBctYwBIjJlTRZPHNczT2+M4S4yh8GmxXt8apaK089nje00+Ozkvre9m1tmpJiiKpYD7UP/AI9HYdtTYPKb08VC2fs2PsVZkm+08oWmhw1FgFiNlKG+Np5eg+YrjY2Lq1WY4yx9EPdVhM2yHqJm5SMxYzM8nWcyi1tVtqsNKaFlJln23UBx76WzkW+1gMz8zA1/67a1hsT3WtWAis/V1oNJYGmjqvAeXU7B6tRoMGoGbOItpETkAzYH0K+4gTXthlRUTCcNtNjO4yExkwHP7KDpT7k427rxl8j0hIrxQGDkpPlrCUiGB9mAP9RhCBCQIb8L8zygtXgzYTQGBVwKwYa4BKziUua7TzmzbkjzeO39VY0us8jfkkkldYoy2CjUKkYDFYaqZ8jkGBo67BSFmcsPu8gKpkUcZzmjDua8tqwWsnC+5a/n5UnCQiY9KOojZdXwbKgxekg6kTHREPyGw1ypcP3uLKudXbHdQquCLG7yCGAINZb0ML9bw29oyMQvWjArD2/wqs0/U4g5UNy2x/QQ9wgAe4RbWWIdx45jEwTH9qhFyQAQhM8XYTMatNCuYKxqh97D9w8jxwjKyl8T7ga5rGTYLXpB/SzNsQuDGsxFcE4LMynJ9kW6wFb2g5R1rbKDv0CxRAJjLXWOaycQMSP06snjap6EFtl3EBW2s1wHNluhcK1dhuNrfBLd5mZ7TH4xAA7To7Oyr+0ldmjpyf3TajNjBoOtiuC2I3/FMQiYxEOFpO0sncez2kbDSajXTEPTUvqzM0etWivdTK+TXbG28eTA+ArZBbeFMTMI9CIlr1xOaHnsxYmFqpLGYxMzJgY+mZ8DG0IiVEkDAzibDPmXJQOXqXDjWdzbE82sN6vN1E3M3ye6bDY1zbMG3Aas5ZMAfy5mfTMzn6PmfAxmaiNQxhrwwLrDW0UqJcgL4xBrM2aVX+NE5aMVEBin1epbI1bKUACv9pArKchlYcyt1toS1P07LHX3vUK31OfmZ9AYpjoltQpYGskS1ej0MzMFhEFmZt7/AC97ZhXB/OMQiHoVvrTrkbaxG8jtUJ2sGLY9G1LocAdVt5Kvn08SNA1tMBR0mcLtM4AdXhXEKz4mIq5JbDWt/wCP2tH7WHpMIx6YmcTeefJFwIrxN4bNStu0ub9zfEW9sCyPYDEOZgGW52GUdOR7wdyRiK2QaxqBiaStYvUB+nMz9TNiWWSu7J2ll4LLbiLbmBszabwGW2TyTyqsQ7zSWdTwKR4u244M/TEQV2Yfg5njNZTAbVoEYzTWFnEFggs7zGfMt6Uv0DEtKlb95fgJ4S1dvHLCyhq5nBmYpimYnxAFduTV1jHqIrQDYN7RsSDGHeI4jjFCn2hlCBomNt8KleYSVWuzStsGH9skqEVsjGQjgqeKMCwGOrCZm3X4SwiAq0KDBXr4lNPvucG09hgVK2aj2Wxq8THoVDS5GrNIchF9gXqwZg9k2yTF+PuY9AORFcqpfJAWx7OJ7kDqawbGsXVq8gg9qMkLiKsHqTNpsBPmMTFfEDen4IzGyxVPEoO00KwWu1nl78nt72/VYsW3aHQh6oKmyGxF+GlpOVfWeXvzQchZ5VMLjItwK+QDN1M2EJDB1DDUrNzkvGOSwg9FabboxxVXYFrZVtHIpOuCsVw3opwVYMGOAO4GKtYlditUVmJ1MwNA81UgJDhppGQ5sX0bqAwGK8J2Fb6wqbpjVgcsgmrItNjVxXRpsQMBodhGGYVEDGACYi5UD4xsxt8YSoKG6nl7fFjP7HW8z2tDMTWFcwIFT9U2PMNS3a2CeIsGTCp1GOXIzLMiMenfQWWslQ9ipWrK1PuasZB0fZdl6mYCJmbQtmF+g/QsitmfMU4m4mZ8zxhSR2X6B2bCVrpl2J28hCIhynuaxysHIYT9UTAwmzTyBYbgY3xDmFp5MQ2lvT4it3llItaeZs/qWVgyMpbDH3LtifjHpU2CuLBaFrqDkQWBpfQGmPGEY7JKjmwdtFHZfFht9MzMz6Ziv0BEc53DS/5PYPbYggmYWxPLqc7M2ARkzQWh6QFSrtHiqGBrjDEImpEVpjIychioR4P3HyYbI8LssPKJgtWLlj5QJgNPiE5scYYmH1S8hW5GVLQHUFzs7ZZyNrNmhZiP1XkRfYuwIK9no4OVvKSs+U+ULBZ0TkeTWK2zeQ7hiDvB7V3zAcQtkBSIGEKho1MFYSMuz2k1zx5GQDkEJqioPJLaZpqRZNp90Yaw1l4RqMmePII7Amk8WY1LrFWHEAAmNiU67wpzD9oT2a+2KcHjtkuDre82xK79hbX5FVcRV7qGFHtOQCbCWNgUuQ7fUDEfVk+KB+8zlm3KyrDQN+5kE/EB9GSFMTHbuVNFup/Dg5xg18koK7AyMu8YYMxMQ9hEIhbyALgehhWMkNcGwlbRbDARYNAjNYzP+3jw9NW06E3EOYYeRBf0wsdhViCtDPGkSpVnczNo5ECda7MVbKBQC0NsbBmzqyuNm7nxAcnbC1jYYMBn5PyTqWu2LmWEtGaYhHZfxqLXIXKwXIYe5qVKGBjGPtBQI7HDbT49NuqfC9fgcq1YzWow6bEU4Cqcmr3AYZCN3Gkq/wDXuqCrp0uVlXJwLaFsNtLVlTg0upjcOxXVxCcFgME5pb7CmStJz45giA59cQfPUIbWpCq4xY1gyR0q4gHYmIJX7oE8hNK6vxsoU1FL7J8qyTHascVN7XXMPXq0fCV8dvGo1tYjWZ9MTAmk8c0E/JOjLeRN8khotzCLyS0bjq8tpKQ5WFiSK1yKQYKVQFVJ8OYamjM9ZS3YFlmcHcPCjED2+lkF2sNvkhXxkOXgXDdtCUWLZ2G2IIUL8fcXjHWG3aNYBGc7G87rbNoGn3QtiBzNlIUHOwynjxZWcltAhR5tlrRNYez4dQj6Lx+bZUlLUsCB5EsWuEZP2wNm3lOhb/sx77KqMpnZEH7ZAjsyQX5jVq8TpuPaTLqU2t2RtixWzAxmZgJEXEONmGCi9kxbOwm0x7mv9tffH0lie9ryr+cNXV9oEM1n2tQ5ruVg0MtWD9q3EP2lYJXA018kxOhE9zW++1/tKFYvLsWC9GHkmYBmeNsaHZn1Pnmckz4nmiVKwC6xDibBhZRgMuYq5FamZSO2YOonfpaJ3s1+rLhibsz2GN0G2nyxtCKPJZHtVAts8mW2wFGYHO1T+1G3jFgPI4XZLFH2tkRnmdoVxM4m3trzr4VYWJ44FfYNhga9dvb+4oezMNhi26H9SSy2bTy95jJNZpAxWbd18nKCnyLbx9Tgo+Q0KssHIlLho6lDSczEZMxhMYgiOa3N4eXhWp0BC1MszmHpa2m+9jkIbDC0XAr02g2Ui1C1oK3F9KqkD13V4l9Xu8ZEpYgK2IPdGbUBgWZhsjRXyth2V/8Aiou/brPklrLrnEV4DEOJWd5Z9xIrSgMW/JhrzPFg+PJO0Qa1LtFsQjxrn9KTDUVYLPFNFn6Y4IsQ+SbQOY+fSq8iKwaH4JEFhEFktOSbvGWYWua7xK8qFIsLZE2BjVpPB45ZezLjWZyVOCGzNhhRiVZJrsmJZx/JGRaitrGHGtlWRoQQTs/i21Yk3FBUUNa2GW1Bya8MUGQ7qp3ZrfbM5gAgxMsCmMgzO0KBQpzOzNBNJVaaoOQNbbjczNrGLNX+VEVmySNt9YpyG0MIOdTkkLLj7diALIt0bAdWDRk7V9YXLtY+RmI/u8mABGr97vpdyfdb43Q2uCt3UGYiVujcZ657jM4jEQscpZib5nlCB9rGJ8b3ZUK+SwEVCCHgbsnSL82HzW/H0Yms0EEYZliBFoc+TygMyBjYArtkHyYi2ahLEdrE8tltQpRDAxaMibJqp92VaDEz6N7o6HWrby1XNvrVabStLG1g1pNg1NCm/dfbZVjZWXUKsLTYCC2JeoFXIwa+YLGPJRQCGljYHxEzFwxalDGr1IDMxTtkeVBkq/5J4bIOO88eJ4SZfxMvYormvfaxLGMVRK2V5qdtiJtkBzgYwfQHEGGZk97rlsRF9tb7AKucxLQVUtC2VUYfcNZd9xEEQzQkk4YWy1Mz4g9FWd7A9a7PzV15FzYfO48S5cKS6Spdaw2RZxVLNQubOMcMIRFfUZg+0gMqMXp8WUr9kRczwiPV3Ztm9h40q8aYzMTExADNTMQZQIfIzp2VwErIsTlhiVDRqhLFgwrKUaMxVr7MzChFdpriFA00dJ5Ax7WCzMxAJ4szwhTXSu5r/fucVWWO176mqZN1l+a4lmkS45bsscAN6diC3EHIxKdHlVXv92R21lc/CdT8soMAOF45nhSeOuD2gTZc/M31HtaWorQ8RBEqDWWBEITEqXFK2upLZaL8KPZiY9APQJMYmA9YTSp1aZxGH7lVmjn3ED3In712xuxMCBIqlYaUYtRiMOyJ+QYoR0Vc2qmZjxnl5PJtbLr9iviBlxrmGJbqGtJJsldkv462SxSsrXIAyPAzK3E9rBqICJWAXfGlhODeVX7lALnz9NYmBYJkGdAbCLdgq1TQ1AzxBSEjBZ4xhqypqudHV1sl1YNfIqZD5WB/UknziK/ker/kPfpmMikOhSbRbfHKrltKp0axqVYRTrLKK7Gs2jMEiFSbTs/I461r3AcRl2J6imAgzxBoayhDsZSfEKuTU52SEbNjHozahWERxMZhEPU2xN8wCtYTe7PVoLrioHKbxrzMxeQrRUxYbMl/JtgAGBosU4OJrOhMZgXBJ2jjVA5C13HXbJeLp4/0jFfHgjjs08D1vnszMDQPmYgMtUGWpqcZmO0OpofRlsLWeUG3ka62VZZWIfOCHwf1OVTBY1iGghihnazye3le9VbScbU2kdmvppooUdSoghw+nhPlvJVaRqgXYtx5YGVA0Fkz0W7rt/dXlLhWLRj2T3rCgxbTlcPVKuWLByKy1T9EdWN/yDorYyWbrjGZnWZzHr2nITxot3Sl5Xe9YS7ZW1IK6x/vbkaivWyOGZURkDsLK9FweLsHpsrBxDFbUhh6EKJ8yul2iJ44pzD8n5Y5aywha7XVV5TTz5h5CAM4YnkFZuYOV0eRs1jq6WVUtUlLLXVwjFTtvHs1iPGXDDuFIpII93oR1iawLiBN3trKDHWpEHzno1bItz6bdLdEJZ2VZmZ9BFMzktdg2OGT8Y0UAeUr+54XWAR/ez/YaOmU5zAYDKrYGDDAjV5NlepP2KnVaxXgOQ9QcOpQ7RGw3min2vmy/vAfEDBoDXLSpUHEDzCsBW6snVi25GZYPdvGYGMcJYMrqDAXUW8NLZyaXpe0fthyCLVmwaV9VN2MmAdWBNGoV5XQFPjXLOFU2ajzs0CCychQHCyt9T0TquUpWaupWxTL/wDHV2i/iPR6diKWZK2ww97DzzwBFX46w+SAFWbbMIII2IQyTOYzTPQGQK/cLwILnhPajBdk1z6Y7U+5idgTDZ0tvQsWB0M9uABhqNy1I1XBhWEgRORhazuoijAof9xhvbaq4wRM+gMGDP04yaGssP8AjiBbTasPUWzMr/eh49RBoKEt3rkOFw9U+PQGJbrN8g2hYW2JxCsrtGv4VmRlvVowDC6nWfbC+5Nvjr41W6nXJUGGsiKcT7pfW4isQa3zK+5cuLVfvye3zEi8bqGKHylob8APFuGBhw9Y25ag3eKaRWKStiyt8FtZ58Cq1ba7KiiB7fJZy9YeYZ+rV5sdayQFCM/jWPQuMtXP1qReYkXkDVv3AlvhXzpyBdw6wF4rGDiMZ+mWqJZXVcL1MI3N/Mwa+Qgq8gdGqYlVxFrZj45r7icR/sx0LMzboY1x6Z9C02h+cTWYhrOSNSF68RiJiNrDcVFd0XkkxjtNVX0spEYFWQ62BtW26yAc6tjLLx/a3DwTWwbGIDEciVWLNYTLuLU8bjMspAFQHWerME+RlgsTVn2A79MmGzWLyvaMODkTufAYgyuzVS3tDd1XdfdLqNTX99g8tmhpAMzM5muZgiA4LUJbPAa4h1hAcXVFCLHyL8BDtGdWmvoAGL0hYrlCLQ05CoY5xKqt2Va4pJhrMWsb2cfMKtWKeS2vLKsbRqwfsiC1klZ8qJb43PJKt+sBNt2VKwKxKs6FObhfH5ItXji0tnTMYaKUDTmahlvasjnOxq0Lv7rK7GrNV5shAwlZAXBL4EK5d2gLTE7WC6KxaZnc2wNfaXmk9xJI20xFUmeONWcYELAQWYO+Yp7q+7H0Omwdej8L84n/AGy0p5Gyl1j4Ms4weNSylRiKcFGlleZoRDWbYi+FksyMRiRHRnjUAzxMpbIIMK7Q0R6Yu9bVcjM1Ug1gh6/aNhEswC5V1siX6huQChP7dTEWfqA8I9R6EgRWnTBkxCcAtuHZZpKxgZifdjpbgW1OGWWKVm7RrsGlzKPe2EEOiTG08eAftLHHQnIbY/EQ4ZrNoHKlbQ0cBI12aVYwWCLWCUC+RuIhiVss8WYGatVvzLCSOXaVryNXBITKylTYRxlE8fa1WxLNFBRl16vrJllmio4YAgKKvILAqljsPcsq5GpUiyNxw0s9s/6tVZuBhjTWzA62eRdRZGfIsK4LRouNV7iPqUIZR3NJnsiOs+AOwcqemEQFZx39xfdlOgLbTxLnTs0Mor5bZ/UVOKnUA1ZgHeOj1DMenRj05PattMgw1AwKAU+wR/mzqxui/uGuBsYCcm06quFKYi2GadeghXafbE5BEF4eXMMO/jrQ/uRZc2Alvji8kORb72YC1nypxLfczUBQHZTxrFKm9a2P+QsJr/yOsX/J12GzkABrFMaklm9pP0ZmYWihGXQxbGEr5UXlFm8y4WwiJdubv3Dl65di6clFWMrqPCuoXUJWCBhZ2FerzA8fwKl1jzkWqisGZPg5jWkEHo9zE1zBXiB7FguqarA1r5WteVeZr28uISW9Xr2mrZasiZ6qYMmsGVIsMFusW9WntaFI9WYa2Unph865ncWwCLYN/Lhg6GKlbQ0RkZY+NdTlXOx2E8mYrZnyCPUifi1FZmCodzE5EzsDaRF5w0V95yGBhzgWhlJYwL1/3B/cr98dUmiwV4PzMY9DLF901OWyrWWs5BIgdDC2sPufkP7ls0lduwSkMqLtVYp0Yy1vcDBUSdMHxbQ8VlmH2NpWFy08jTfPriY+gWazjucEe5OL7jx8k12oVs2GXROMnkVU99tQMNTKTgwVbqFVa8wGeQQlDUqqAHGrGtpyfcicZAvIPQXCqC80mk19AxjaGH2wUI8ep0GpEyQRZmfgTE1zNMk1DArCkb7Y9cRSVPnaeYALYtkZQ0arEziFsnHpswXfLB2WV81wPOrJ5UM9rQ1mIuCz4KDFivsczEx6N0COrLNmC9lAIisSThYljLM9MxJQ+Ob5AYiUNVqB5OZS2hWzM3gM3WY6x6N8N1EfM8asH4qNG4pVvG0Z2DO+0YR1isVNd4lVugLK85FWq21mIMGn3nxVgWEohyRZcuMTE1hX0Hr+TFOi0UC+WVskVmWC02MD4F8yvCUyrlZXeutd3t9zR68jFaTzwcgCPyHabtFuClLi7t5C1tlivVbhHueyG0rUWhsGtJ9n4OApyY1qrDaxIaCV8oZsYFvFtZYiiWVaAGA+ggGTjuzoNcVm9ZUrNJ3NgJnMcyqISFLduASLCqqgZSmIY/26n0UxG2WuhQCjEn2uPuusOSdLV5HYtUw+lnxc2K1+1cmdZB1GAZrj0+IT6/gfar9WL7msOcmVXspWzyFuUUKWq4zCwjdy58Grmmp/LvHtRAb9vTEaMMAQdwZwjCO3kQ07IeCxgTwwcmPyZbcGGZ+VmIwjTMz6D5/7DVx+mesUWMI9wtlbLWK1PJlvGRa6OJkDjuwPFIAd6mr5BM8+Itm5yswIXnXh1yMdu7bNkvnMrxXTbmwmN0aLGrRc2tsJdZ7fQLAsNQdQbeORb+ojOajbd5VL+zdsC7ESyt4KjBW0sTvkV5Vq2ETlsqraHDFQDakLbKq9A4g+34muSwnxBcWmilWq2jArMQRW1lVk86xiDZb27EFbR+2rB5nVq78TcTMsAsj0NgErBrr8xkIhs9CfXMHUIgghExNIvUQjHRlqMYzvVY3IJPmn3lg8PQW1gq9g5mMy3OcxDhkYEIo1dRq7Ms/U4jHItGDk5hB9A0zCY3Y9M+uZVy3qJtqa1xrbj3DkW1CrkTicjJHLQxr6gGGzYizKNBxuvHbj4geLbmv8LpixN5+mKoG/bzuNIU70JiY1tzt8tAkFeIFiKtkFHtv/AMdPOymwo1ZrZULzMq9o4vlMV4y5l1a62ohjUosGxHgJljokVtivtgiHI1h6mIRCvVduGFymbjXCuGGsDYXtqw2B+oxGvLGt+2fJUYleQ93ZFhU+Ut6bSxNo3sit7Gc5JHpn0zMzBMIx6CEZms0mkToAwGEB1u/x5niZW1xM4gAMNeW8JrbQa2cU5Q+MtxqrY/CsU6usq5WF8ww1uSWnlaOqOLKwp1hXM1mvoRG6P8GZt2rK1vIVfIC1bKcnufEVQZ+naYxEdllHJ9jVUOv6dsrTiBMvjET9teQ+R/17ErY7eRYHJWvGh9za9hVz1gnMawJFsrY08wgi0GcqhLZo9LeA2h18ZHysqXFYj2RgAoIxYrWFjyEll2wdCteexcYDAcqthnzCgMxgeMure1anCseS82ZR52Db7rnUZhmYCQVIJfv0sr9uBr9DIHB9pcfUILMwATCEazHeIsRA0PHngM8RmmIqZFtC2B+NpP05aFTF/bnmqsllOq9sl1BAruXG5ZbKZ+mUK9BjIZ8QET5Ldg0sYwZZmKZj0ZQ00ngaePU6Bh4MKammpmPoR8EnY5xEOJorx18cHIZTWUtn6MGDi6zTxzyPgrK7ESUW7OQLTerbdxSIMsdFUgxbMCu4AVqbATmG5gPMdSck0usXZSL7NrL1sGNlHG1fl8c6BRA2COSNfJ7bOUog5BeUMHrCTTMu4Nds5HFvQYxBEbERgG0M01m+WDYgYGYGH4yPEoesmlrzdR44R9GIQRNojiVnYaag9gN6Z9BD3LF2BrbX49RApJ21i7SssTWSIPdCsHyhxK5iEARhkvaFCP8At4ZwWCDRMOk0JitYh8gsHgYh+PWqJVYsCklg2fbCVM8SMr/4/MPHtrKMAVO0HGDNdx61mkC4GgaePEVcRfcfCph44AUHQ/b4xDXCMfQFM0MJONyEWz9tirzJWVcsBPOuPMJa250bZkbcP42a4iLZmMAQYmMsMs40nQgbsFielhySfQ5hUZ1gGJx+QRFKk2oLKz/j1VTkWNYwHlYgsMZInF5Xiau1LBmeRZYwZeXUurLgTbDMwwCcDGi2GKu89ykWQNFs0NmtxuVEnXriY7ITVuOc+6t1fInRHxPmBTMCdywEQWYhQNHCiYM+Ird+zY9utipKqWcNdSiKQyYnxFvIgu63ObuV7tvctzPYrBVdEdbUKBLsgJkIBv46t8kTqMIxKFbVYvSkCEtoVPcwCr8StkPHNavboTyAxfuLYVgvGqPmeXtOSsWeYCboQ6rGHROARk4wVXJxiDMDLA9WBWrIatq/CEmjNCNSb2nnMF8F2QOw6IY/tABZQ6ov3TQ5V9GZfIXQAeJptqT3LDgemMjXBxmYmdZWw2Sz9zbMt4+8dSHx1pD8RXNcXmvj9TkHl2Rry67ewHMYe5lySvtBIC661IxUYWFPI761MWzHfCQnPpjMKzGJsIoaOm7vWylrCo2EV8lfk4MK+MPyMwDdWwJt3lcliY1eo2MzNsms6WfqXssZQQ5ZFrtZKg0L5inxxrTYPFgtVs1Sim1mJs8vRtRk8UrsZCxDQgA+ZxNtlxhLFWxbqdVr8tYW/aeXMDzPbX4nkDV2DWX2NYc49R6dmLYyzzBx8L7ghsaCyZBhQmBcemmSFWJSzTwPqqeNMvCljHoRsElJoRBkAWYK8jE33jHpCciZUTCsx6muB3YTUqx85PcxADA4cMQBkTPtYFpZdqP1DaNsHe9FjKrsRhlZZgGGvE0mCsUgzw9azWeFoBq2d4g78WItW0+0Fq8GwiKBk7GGt9dZrNOlGSvHBjVRKyB8gejVo0bjLizj4jft1b+39SWnTqpIbY53wT7j2i5Dq1cPzmK3fjzHTBIhyaq+0h+c97ATKmNiZIgOZrA03nUx1nIir7VHtspyq5qBAtmvjbqfEuTYtfZQy81Ja/ksx9CnErxYy8IRuGwK1sr67tYB4SIralLszolFwa6xY36KWUupHTC6pRuHn6cxePs1nH1JYKd8sRs3hXbXLeEgIgWDBJQTXWNyGzuc+Y4qsxUvZsfZj1FPSe6IWWzskhkima7LZwtYtNgCtmnUMORXaWwywHMG2NmyLFhG0cTdgEbKhsjJAFiPNcHydq+YzwWgz5nkwEJMAhWFYqgswURVzAj1ubRqXWVsAqsHOkIwpMY7Tkj2H7JX0V7hENcbKg27CuMMmxPd4wIilp4yoVvaxmBAPXPqJjM1nuB+Z2IGz6bAwRT0jzcbOQQye0ACGMzR71CvpYrLg7TbMxNJrMTJWU8nULyMq96GeRYzqS+M4nYgLRXfNXJQN5ssWlridQ32IBbYwW1VnkR5ytIIYqsEqTAZSTa4nlxP1DCG1mmfQGfjfC5E+TiA6hHwFrrvDMIaQQuVKtmFZgQL1qIeIrS3hJDS1RwDHqIgsKxtXDVkQQD2qBjQGa6StS009z/KriKgy9OD47Flfa4OCvS/cNvKx0KNiyxBm6vUedol+Ep5ZJFi3y+sKhusrnkLnMbor7YrwHB2VmsPZMW3WAwlTPHtM4m2JszegEBgxnbM+JvMmZMBg7mfTAjJ3gqc5mZtggxjmOxU+QmdYwcPhg9fVqFIWPquTFxEqDr+kn/5+0s/x5WPvWrkzcxHxM+4rmdQ1Jr+n68CqQe1IaeEQ1x06evokJFfeGpp7xK02JCarWdbLAkPvj14hBHoEgTMFE8DQ14XxzRgBn0dDlAVC32YW9llFvkAbEUwidxbf3MwgS2sOP04SePZX4MKzLa5ETEB2VR7RNjFI2swHKHyj7myU22hGr12gwCt5+lWeBkssrU32EMgX9t69lv4wxgiA4lPJ8bV8vy2P7legAYnyzdknWFjNsTeZzMwOYTFsKVbRR1+M9Z6UwdwdeuYBOhMkwNiZzAYGOC2Zt3Mz5nxGIK/9W6AOY9QyylZYFsRuDlWpdCIvzxypdVgyIrYDnc8q9EVibVPHOoQkiifpzPtr2sKva2m5MQSi1cHlWMV01xljZWJZxN7LqTVbVsIArjwosTAmZaAXtcpA3b/ALh8OsCwVgAYEQiFQRqsIGo41Vi+LUldRVQjsyI0fhCNxWrlfKKkX7nyhB+oTP6jEGLLG5JRxy08hfdygDH55KeNtvcVBnixKw0GwghgEXWNmJRtFSeGeEWD9PqBUBNGEW1pZh4B36FK8Nx7NmTt6yppOrV5usagaPUVVK8CpN2bg7S/i2VzWFZgzHcxgawECF8zOoBzD3F+BCe8eg6nzBNpnvfsMYGwxMAgQmHWPbiGzvyzydCzI2gs7az3NasrvWLranI/xmScowJLUWlGFiz9Sxb8Nwdo1TZ/RNovBQKvF0avQiylZZRG4bTxFZ+hZ4x/TttYT5Ss8zEbe4c11f8AVB3rXzWHFaNaAv6mfqCY1usK+VvEsBxFq2CATEsBC6lSC1r2Fa4hYD3PPGVnyX7gv1i2bFjlWryEr2us4SNHpsqHutBQ41xLNlZLzFbY+Vwcq0uQM9ftKMXK8eCtZ462h4SgeGeLWJXscReohEKiLlYWybD1uRAYB2phBg+DcYQLyaSIKQZRWUZDkuDswClKRoEwCoM5XBDxuMaz41weOIUwS0JmYDiDLHOAvZz7Fg9BGPa9k4EzC/bP3tiKck9kLgbe1nADWMSScn5xA2BWcj7oY1BI1lb2VsnKOC1BltIL08UiKBnBhXvvUNgJdGtR55NVX9wBrElmbIttisLVcN0PHXrZW9h/TrhqDP0TwVaR67LH91TCxdtC5/T2TxKCasz9NZiutEQohBqsiYAyJgyzxtCWAwFjPkqcDuEGHOTkn7ZWx1PuC16s9/uewKKitoalo/sllrNAxWLa0qs1LhXs7BIyanFUpqLwoI1MAZZazYWxlYOrDEEAzO4zGGzB8u0+R/2Vlybe3uKz9cik3b2BfeLmUgIQq4OsZWMuAD1XrMjXU4+ZZWCbTqxfAZ/UmAYi9suMgwe4AzME/wCvyc4gjH24M16FcUCCZ7d+hNi1mAprr3LkKuf21bqtu9gIrYrAGQTAI1QycoGvtYV3VV1HmPlOUWNb7T8NFGp2bZbSClmYawT7Q68dcvSqC1rS6ckojPUVW0CG8EM1SA83Y/p9oaDmtjXEPkh4leojOMN7pbf4on+SaJyVtj2uH87Em+msNe7HyZgK4UFoFxPOHOQSa8wVJg1bK4apt8F7K2a6VoQOJcVs5HCS6WViuHjhmyqNWffgQowhpy1lZLDlLSoZnB3yrz8OBBknMB68wUC7aZRV3SwNQTEr8SrRvDx9QeO+tvGeWLGzDK7mEFistTdZmcBtHN3BBJe3jrVzfIoKmWrORHOTn1CYHzM4CHvPvJwB1PhtssxjPiZimDuAen4meoW9xiL149mJ1mu8t+w1YVQViCMMgLgCuKO1QGPWuG4waWUaHGIuFPH+6P6YmIBCemuKLXy11F4cMRHXLla1GXMa0zyQHJ+0VuxniyRbXWbeSzgcnVRyxH5ZedTIMrBEVMyykb66tqzRuOTNFprG7LWuqnhkFaWafprFlVaFXUqi6Y5HH3e2nAsXNS1PK3ACWh1s1sWzjOCK/cKn2bOxyI9jzcwGAWGbBVV1ZzoZZxrhCr7eVg3knmUM3IsErLPYOU9SVc1zP1aslTB6vKUiOrxvbLFotHJ/xbCGgrNdJUrMzcgLE5RgcOLPssJSJc1sJGqBqw75NtoUHufmLjOcknAJgMB7Y5bbrbrPWclm7zEi9HMzNhAZnvbM+J9x+B8L+B8Gn24jplQMEGGND1P1BWDmw8jcaITouWVoHKSm4Wqy5mk1mvo2MNgq1fSWKFSxgfLlje2z8qxh6CJhS/JJTOFXtdzCcz5nxOzFOprsJHbRRCiKGcl1aFRbCAieU+IHEWxGJSODnUywbEBVVvct1bLDZiV2kSi1mtDdjqU0A2/nAM1ENSuP0SZHHHkNYjUkTBBVbPOEzDTVHoqMu4aWSzg3UzyGDtAsLCZMruZDTzQ4fes08oOL6Qyl+TUzN54+qQn2msGdrONyBgtvVaQ/HVDWeLo1tlaA3gItrbEn1Bgb0+fT/r+MzPWfaD1M+6Dr0YwfA+c9/mfkehMGZnoyw+5ej8jxRmhLR1lgxO5XcUPnM/URnUqrsh4/PEVkeazEZZYe+RYVC3mBthXVYA9e0PEGLOOywqywMJoMbGbTYxOz8GfEBGfTMov8UTkeZv8Asb1nvsgHjiYLX5YryBY3SStrYlImiz2NBxkK+0120BVtr91ZBNXCVAVZWzla16/MEBgjNhSWi8tcjkIzIo1xPIMgdsxtNldlYdEsnl0i0JbCuvquZVy3ULSlsWx1tt1escVSBxKZZ/jVMbiFTZSa4GaU3YZ7ga1XCo8S/c8y3Z7G7PpmfgfRnpT1mEzbrMz6ZgMLejNiA9Z7mYOhnst3+VJMB93zHHvs+9W1iwqGjpgkdkRlzCszj0zMzMW965X/AJFxKOdXYDq0sdBLKXd3VgRWVg5HjlVtNinAnzOU6uSMQHEz6Z9Memcz4mZn0JmxESzqpfIVXUATxFiKl2FS8hm8tEqYLV+pEawtLOfVQvEtN5rwUulixk6qvsoi8yu2pk6R8Dy6KLK3jWeMLdsBbiB67VvBFFaKgpUNLrMwt7HtCL+pZmr6V695yeKcuYcBiYYtfSpmJxczw4FefHkb5zC7LByDByMy3Frc9AkORFswTaGAaKfG1lhZ2Pf0f9fU/OYDM+mZmZhMB9Noe4TAcHMzB3D2W9FintW92fcezFOAGhOY5ydsRNd/GSxAhImYfn1FmF4obR+RgtfYYTkgFjaATqyFLX1NmVClpqxIpYx11bxzxNAuJhmNnHCkjSBMriYmDBXBXkjjyoNWqUWPMBYRPiA/vU8ls3BVL8sqbL7GbfteT4zxucaLUuVz5Esdo3SsIt7KRYC1i7CtBr+GBAw0K9i6xBvlVL5LpLC7QWNhrP2qNvDtLxOZWFa5NYXm4iP3VcqxPjE1xPF2a2B1jLg5m4zdX5Ger2mudg+d9Q3bN6D59R6ZmfXMzMzMz6Z9A06MMzBAc+qmfJJgMz0vwx7J92e8zaFoxgHanDW27D8n6AfXYzj2VLFCWswFcb3zFVQ7sdAd8qkFujNx221VIDxhCUtlFHtPGWyPSKVusDS5vdtiIN5iCl4KRFqVYD2oJ9NZgzSAnNFnv5F6WW8z2xs5YY9C7ENd5KOMffnLOY0SqVVlrfGHJpxDUVDv0YggwQ9GJ2IviZ3GIRiUWLtVZsoCrC3fIrFq2cYYbj2KNoHgs7TmEtRaGQTE0hQRq+np6IbPnZYt5sihCv6I2m2iyv0P8mfozMzPXpmbTMEWAzMB9PyfmZmfZ+MzMDTOZmbe4/c3fptPHWR43nhxPHPEYaiJrPzVayQ2O8YxbABWhsCqiT2E2LvLa7Vlx3ApiITKS9Y808lWz8uvNyva/gMVeq6lVdJhDNIBMqsS1TDdFbIykVAJQhZx1dynLOe4wGGq6xApaU2GpaztW0aPd414NieIih7fOyRrC43CqgFs8LKVt94MdclWr8r+UWZ2jMQeLeFt2CwZJsbL2J3v7uRxKHF3GspO0LkTi8sq1Ny2r6Ylr4htTxmrMtGLM+Oqs7Mtr0nOGvUBv6QmfTP0KYDMzMz0Jt3mEzPQPtm0Jm0z3/2BOfHktxBGqwTW0Gwn5VSSK0E0VyfGp0BnhOUjcbrwGKSkazrzWLP1JILsYLMGrleU+SupDemuXaESsEnJaVcUY8aEeHSMXdlAQQMMjBNhw23jgZrJWQgERsRm05fJAW9kOftbOY/ZqbV+NSlrHi61fYq62V3cIsOVRZpxj4T+ptvZuFpD2fDgqesK0K4OY/HFjV1OroquX4+YaCJx7dF/VmxRsA1q5bkqF91ke0mphMdlpxOS9U4vLS9WfSeXJe5JyVa01cl6S1a2HkVncftLxQ7NyUFs5gCk/wBvMzCZnEB9MzM/GeszMJmYDE+5R2VE6hWNWYpFc3Zxt7d+qThsszaGGsgeMeE1ZTTDHJLI0InjaFcEwe2Aloc4rqVIOzVVo20P24MFGZYupZemMWxlisHZtWOjGBSpspasKcTq0vYWcW7T9NW6vxBEq0XxeSJxXrs/VLklXQ8axGqv1l6HkH9P4m4jZmMyypGRqLFht1bzJk3Ms8iMNchbCkrZdmwJYsJrQnlMJ5mYkAw+RLBdtCAvo3yZrK7DWyf5DM5d+EXkYldu0HKDNV8P75qkZc1t1Lzlm/sA/RmZmfTMz18z8ZmYTCZmKYkQzExOsv7pYq1hWGEq3b9J2tFiyvj9misQ6rCVaXbEE+Gb7SlVK6q8PC6Xj1qHTZmo78RiVhSO4UgzK3MuOxFmo/UNByawLBtNcA+6MuiqSItrKRZlrjmo1qVNGGestZ4CrVMVbdZtmF2UebELrnyuCbDGIAF5M8zLYOV+4H7suzGYIltwsLkg+fVRyAyIo1SxlHe36xQbubvHr9mTOxK7cQWKY/GRo4eg+QGGFswGYnezbEWE4RmR+t1tepquRst+M5cM9mEfMP8Aaz9A9BPwDM+mYfVZWelgML9N1DyGDlwzVhXKnRSMt+o1GwmZa20xrPJmWkOuh0qGtdAzCIzajszyasjs8JGV22HUGxBVZhQGtEJARK1efauNocIGR2J6mFEJmgdDSMAmtAjvHCCCpjMXbZvEFrRqdwSSo7L0iyWVFJk4psCRHqsjMZ+o6ssNs1njzGqnjiGV2q1FvG2HJBWZgczTMA1niDB0NZW9lgeu5eRxTk5WDOBE7mMxmYE2IZiuJWGnixHXMAxK+2ZfI3JqKh1jprD/AHM+gn5JwAZnow+qfNf3L1NswERh5VfinB4xBJ0C3W489k8xLLycq/I0ReUI17WMoVR8xAcLX7c6A3ZbyqIyeZP02p+CtaibOZ9sL7A4VW9w/TgBt8o5orqd7obNAbOzhgyYL/NvwgDVv7ZvkuSK0FZG02WbUgNULms44rjWGo13VkgTbEKpYbadSKykS8rPAzsqlG1msYQ+0AAzdltT/JupPIS0WqBbWe0G80BSv7Su1TJAfctxj07MVyAuIHgsxMAg05PhgV4re1mzDEbU8bD8jk16vdUJbGH9fP8AB8T8+p9BB9wIV2UNGGgHtfjOptyuCKyrIsd8wIuHqBDVlZmZ9M4K3YFfKCCvleWO+I1qrAxMQHA8mvxPc03g4+R4lxquA2J5GMN1dYWg3sbAoC9BJgwsBHTZnTZi7sC+iNylmzWMeTiG+wxbtoLHQeZwAe1YS/i7P+5UycyC0OA2jG02sXUJ+ps2qsoYs6757M13l2yoG6bBipPGZ4ztX7GAwzv47FfCo6sGrxOw3Hf3eBbr345rbw7Q1lQhb6GXHrg5F2p8mJddsDD/AKgiNblTZaq+UGM+WN7LP1jw8gvGJUrc2KzsnyqptHqEetk9MwAtNGgrMFWYAUFdN9gFSoMUTCTxjZz7vJrNyZnqZiq7KBWoWp2fEc5BsFcWw2xQMlMRfbYh47w8XaNwnn6ciDiuR4gg8WwYYItIdbQxtrBltZDrnZXMKkzXEPc1mSJ5XBW9gycxcrZU7cnh7WMjVsrkSu/BTx3G1SjlpeC05VBUBsCu1sm3ewf8nHs0cMHhGS8yRFdTMGYKzcNMTGT48TGUdThvg/38/wAP/U/8A/4mzgzPXZmCZ8QWZL65gldopqqt7uu8pYD0VsTj62MVpE3UCtECszu3kAs3mYJ8wwKDPExHh1BafKKdQt6lD7pbdrD7iFxF6m02GdpXfYrJzGMDKyM8AQq2XrSoa2UZjK9bJfsXGwZNBT7mayNasNpmxgaB5mYmMROS6w8oPLawfQZWUBtWr3mCUNYZbeIhh42gFDALUVcHFi2wMDMTx5hpO6hwRUGh4wy6lTkiUWZsFimb9OEIK9mH/T5ylYOsNPkFlJrg+AcRbFeWcc1hQtkHDOqVs1njEYY9DD6Asspt1nmzFZiFZ8Glt1BW30LkQ2YisJXf3+HEsfEqsfxNN9F7sYjB/wCwtxMTBgQ7EAFeikN3VisZTY9dlNoaa5jJtLaPczlSwMdtVxMwDMxNYVx6BiIGzPkjptcsQUNZDKoyoHWPT8azSOgD29XOcSttDW2SjbEYmoaZKhP3EvUCWdTxZPgyW4rQ71kmGH5/0gmIRrEtyEVdfIBFKutq+hr67Er7aq01vRZ7joj4a6wLgivdWpIniMFfX6beNRpEsYSpq2TQQ1IY/FGHVibAKl8JsmiqagtY7dmaE1xrzgnJNmSrqKzO8p92QILFwDu3Sz5mSzKuSKYavb4CsS3yK5j9i0bLOpqDNIKppgYmI/c+DgGYInzB0X/cOup4rEqPjExD6MwWfceSwa11iCVrspq6qqIbsxV6w2XUyxl8m20UYgy0sTJtTDn5PylYx+mLxqnT+7+PoWV9s6gzxnALpNpVbibMSq5KoSxqCpo1kpo8TW7ORWwew4fxkGrCgIli/pzPEsFYWAhmahM+EKd2m83sIW0ePVHLCdLD955KsdsRrMw5MxNeisIZYOgleRu1kYYiWlJV3KwzRKgsqU75/fxFGYyQ9QmZgAhEx1WnWRnUGMdQGOPmGfkNOjPx3qLAVW1llFy2LMTEYxhiXX5Pk1htDDYynklYvJAgvQzYCC9dlxCkt4quBQ6NVUdq8bMuTeP3WHZ+amlBBS6uWV6t/oV+1D2q+RUqUw8ZS/6TV147Nfanhbj15hFRcsJVx3aUeMS2hWDf44k206MFDKKwFC5nijI5ln7MxmHZTmCKN28QhbxqS+DcdmtUwZgBY/pzBVrCkbCwN0w2PjUCDImpMPz+OPVpVrmahVBgbedCA4Pky7fJh+4Ht7DAfaLlA8jN6YmvZwJrO4eoLolkVAYykFGNbUchWDWRrNZ+trELeWWopmkFWwNXtNXQYqA+Ytx1ZsijlkRHDLiPWCDTiAKiNLe3f5YRPupbBfsXpGH98RVJOmZoyTi2DyCyskNpBYRDZu1oyFU6rVFq1mbQK8hk5ObWwZYyJB4nUIYpMyIXlnj2fct5ACxRozYlVnuHJwfLUyWhmq17WowU5iqFELYHkLkjEPcRGzia5mMDfquvMIBbJCqJbNisXlYdrRLLPHWO5tiCyFTCMBdZY28CRPuhELYg7JHpgGPV1giBzlOQRDYtkzH5JSNmyPUwO1gmQig7RLSpW1SpUYJSDjkwUNhaxq9GRQDUK7A/otk8ytOQ+tTRown5UzbIs7jiEf3lOJSyk10IQAAtlOyjIK8ixSlotbxjUVHIoBC0AQVATQYfjbqOLiD9ueU2S5CWPLuQpaMW3oJZyWC+brzG5hx641q1t52M8iw2CF8uLmgXEXqLapjuBPJA28JxBVEI212IoVZpO2g6lbe2r2v5S0NmB5Asufyr4jXKrO7NrIRhQgAJnlmwM262g+yoew9T59FGIJgTvOYy5hHc+IcmKxEDFh5wsa/dUdJqlgeghjnbydK48QsMFsW/MSzrcOK2rrKPtGH7lthr5Vt20YwzExBA3tPwwjCEf3fH7Rx7AqWmspyfZ57CNsSvBLV+J9rhPNaAnJsIS7NQsYqblVUv9tbowwkakQtqW5apLb/IRfpLuY16sntIjWeI7kksZmbDG8U9gkxrFhdVhsYxMar7oK2QM2J5sGvl4cWhobMRasKR2h1sQ+W04rmZfeTE5OILFcN8YbL/ACbEmdgyzsQNM5jHpW044Y4DdAj1xCJrPzYmYaysx2pwQFMC6rqHjVzuLYUC8gNGx5WqUNjsAw5Ugyq4qfMsN+0TkvSa+dVbOXV+/YfcTM/QGn416YQiH+2PlZWg8T8Olo/CKWCpmYcBBP0zKy1Ey1IdVK1xQqLRySyeIYervwsIbAg3tslti1K/ZPp3AOsHDCEQzUzImYAdtyQEABWM0wYvJ0QWsZjzM6BIFzC+p8xMsHu/LDUpaa7FbJt5OY0MDEFuS0F3WQZZ7oc+ufQTYmZ6zAcCo7KJjJPTejR/g4m0LZi3YC2BoyMh37I6x+2GM08kYFJX0FXyvYFB17HQFauttb1wGLYwDNmEzP0ZgPWfa0MI/t1Llql9wXotpGcmK2kFiz9QRHuEYgr4sF+WTFdpw2BqHwTHG8sFdQPIcjx7RhCk0gSa9sOmXCsMg4EOT6q3sq7DNqGcvOhOzFQGBAIrnXSO82Ockwk5sIhOzufdaZtiHv1z6ByDvmN2fpHooE0LwVFCrxZ8tiYjS0YEz6Zi5ld2sfx2KVxCPYFwudYvvjV+yuvSosSd4jBgOp5DHRSMYmfrzM9Ew+h/sgZKLrOJWAMgxupoWjYDNyUUpcCHOVsyAp3BKKArGJZXWauSwDcnMflYPlBjtkbGJ71KzXsgCflrvdvmWY0xNZ44aoUiuVXtpoZhVirtCgmAp/UR7S8PUwT6Dj1ut3CVl/8AzchqLBLDtYRNfqE+fpzAYIsr+3XMNcx7QuIcCZJjOqxm3jH6AcQMGlgwWyJkCD4NYMxqUt3boQiNA2Itxnnnlyds/WfTMJ9T/ZpHuqXyOEaG9ljXNg8gBfOsN+T53htyPJ+3ujKSqr5iZ5p5LJ58ywjPc3ON+q7dYtoYZwPL7jaT6AwDMxiD0yI2M4gIEFbGftLDaYWeA5MCGEQ9CITWvkRKzczCrj2LG43GYvwCY9L1zEK/T8H6lMr7FS5GQJvN8N5ULNegjXswJyZiaTBMK49F7Kts1vbNhStrMPII1wm+LFc5Mf1xMQdH68/SYf7CjA4ntK2bQViOO2ImD6Yg6nzMQKZ45riazoTEMxMTE7E2J+jEziBpgmavg9TMzA82seagTE8RM0VYiYLOScBQUJnjli2Fm45wKylPmy9TUsFRpZVmP/ja88jgvUGHf0GY6x9A+Vt1lWSrW1pG5DNCe9sHfJgHQXMAxMTWGuFZkxOn191gPk8h1EzmFoHm4wWz6YmPTH1GHr0z9J/r1yqvcpThdcQNoznd7F1YCYzNJ4oEx6ZM2AnlAO+YO4FM6mDAphEIh6mfRAJoJpCjGBYmgXxrZG4Qx+hbB4pENZAFYjGM0GBAWae1Qfc42JBRYLFVAymaDbkUNkVNRfTyt3b3Hk2YZrNZa6WJZS1bY+jMB9v0Dos5c5xM+mJiCAeggECzSEdsPeqnIX3MojcbMalgcFW/MB6Jz6CfMcT4+r8t8/3ROMzKa+4yR17s+X+dompHXoWxMiG2E+qPrOOBY2oDWVMGZ8NsIX6iYMWlmJ6KMVmSV8hnjLBVcEdQXdm9MNfVg3zYmalp4wJj3Gx2BogtWtS7PPgtyyIeULAOSaxXZvW65HC5AVkbMs7V2jXbU7Q+uf5AJiYgExAIMCbwtmEiBPcBlkoAmohEYe11BUiH0BmSYBiKs1hWfH1H+A/1QIK2i7LKL+PkeNg9QaX8ZljdRsmdrBewnnMBLxl+oMQaLTH985BDTwnUowGrQLgU71kceuy169LBx3YhPHX8wHDeURnYzYwtA5gXMW4IFPkDAmNqsY97QnPphhAJXcyyq1LKTYZyCBfRznSLyKmrjdN/OB9Am0zDaFhvaFyYD7a611C/Q32t9sH29YC5OItfQTrWMJYuD/Kf6q/KkGMKxCRFvauVf5C0T9f5Zf4/F3Ak1niM7WL3CBj6K69io7q4iCa1g2cXe/C1rZRU6mhFGQEAmxELTMNi4yTNNiUxGWaTSKs0jZEDlVUgg9sfTEKrPZAILChS3YXjNrZ2V9SLNoZiY+nHZGDF7nzMQwQDJ9fifJLBYzE/RWZQf2x9DDKv9kH3a6ndlgggHofixfb9Bh/gImP6gn5WzMaqa9s2PTM2m0yohsm02Pp8wr6KuzTj8YVjXMZtU8jsM59NCY5CRRY7G9UZ3yjdLX9qr5Ci6qVhSeOazToVw0w0Twzw4Jr/AHCsxPEIa54mEavK/wDHBiwW8QwjsdT8+mJiY+g/TmCZxAwmSZ0IX+odQX6z/iqrtax/Vh2V1dR3441QMNOIvUEE1jLCPpP8BEP9MRcGeOGKxUYDhgQ307Qdz846KDC15a6v34Nb8dle7ExgOVAsrbG4rn6kKBeXBtUOz7l1wWUzfZR2Kk0rAmJrsfCBBT34BnxHGs1mkZMqy+3AcFJVy1ZkKufGGn6b2rVsH4TwtdTGaqyNSRB9GPQ/w7emZmZmfr/I5JaupQKQsxCcM7e+8DcJAYJjIwyhLg0Y6nzIJYJcuG/kxDD/AFBYZmbDCMVnstFnHav6T6bRCdgVIWvpeM2bOKzkcMoyWBWe51H6k4uvd45GY151Ha5EUqxtBMNbSpikruVvTaeQReRiJyKXmMzsTAxiYjdAr7RukV9htONySjV8nJrsGVAI1wbeOlgPDVZ+laWcaMmh/LHEDZ9Px/Wp5Flcp5aPMRhmXjpnJdD7sQQehpEbIj+5RyTLmyD/ACkQ/wBHHrj0Ezk/EW8qutF8fh2oJmArlOL543EtrYVhRTwmMC6iAdaBpdWMMWWkvsncJEyT6iKDKziGtbJ+lUQVqsLw2CbwsYTiVcq2sVc8NFtraWyy5q4ttbS2048es9hHjBmjJKLdSeTByFrYHdLSTXbyfFXVy63lihlsFer8IMLuPZWYDCc/y/n+FJT8rYVGw1YZjfKtiIweYmPV/m/5hcw/ymMIf58fViA9tH6rzKOW9R24vKl/+PdJiIWRuN/k+k4/GvYieMCeMzTECy0YnKrfcv44TsTM+gxhB1XxWYKi1FW7xmMhELlD5XdzvlULM6gTxsYDrA53FxBveyxVQrKSu1/HLxlNZ7ED9FdprqNmE43OAq8oec0+09VcfYce5chbHoK8uu1eRxw0esp/N8E9n+BT3SfcJn2scCfkMVNfJBgIaY9HHd33fxD6jD/SEx6lY3zb9noJVynqljVcmNUUiVkha9ZV/ktVrvV1z11DgR23bn4jHSagw9H5mMQHBrtwyEixvGJczB0u947ho2j8MYHCOVpUEVR0AD8PdR1Ynusz7rFguwS4JuuG3jjVEQZ9CMxh7VbFVlrWEW4lN29FhwOWBPtNPJhwTZX/ADmY6+tGgPo3w3x6hiCvJZYnMXJIeclcMfj+cwiETExMemPTH8ePb6ZjfNgBDLgegM+SNgPIZSafCtiBVe4stvta06jkhQeW5DIzvyAC1tSJUGyGr9Mxe4BMQnMYlTxr0sURmAnWIXxGJY3csVrStb1/pyl6/cTkOmJ3CxcKNJW4cPxtoyFD8TIycEGkr6Vs1bfqPNOVgQ/EVsQND8/w9Y+jbI/H1A4lVsaO8c+36lYg+XyBsTE/P1CD6jCIRMTHpiYmsxMTExMTHX0/jc6YgHuP3uDArRkMxiAzMBINVy2JZwRrTzGqiWKy/McHRhtC/jTVrIwVZyq/ZmK2IQCRUYKhEqeeH2mvUFJiVc2ysDkLZLeR1Xy2KnkpH5TkjQwBxAxxM4gw0uo7IwPHhcEzj/tS0JYvIrNcNkL+1biJsrjwzfW23/lb1Bwf49zr9P4+tbSFZgU12+sRRMzMyCPqEEH1EQj1xNZrMTWFZrNZiGY9c4isDFoVgeOZ4iJr2iDdqCxHGAnhRC/CV2uq8TwGVtice322pUyldWTm2JKeT5ICCtRBjKcvZiW+6FgQiEkV96my4Vqs8oE3BhYQhWlgYHJgzEXJ178eIPkVbFNwyrmaQ1iYKnyFm5ArlDnWgA1ePM8SzkcUul9LVH8TOIWm+Y6k+mD6/P04+j5h+z+dT0D/AAbYmevx9Ygg+vExMemJiYmJiYmsZemGFxlfX4i9SrkkFbfIxqTZkRQMKvkWFiI1Qc8pa97a2Qxfiiv2sGMLsImbF8CxTdWa+RqdzY/IrQm9TF9q1K7DYAi+Fsl7CGS6A59O5+nVp4cTXA1xPMc59y+5gPHPbjIjECExsbSp8NxbFx8VVvK+Wj2X1JenI4vj9czM2OCVasZEDAzHpj6Rj+HHr+P6WJmD6hB6D6MeuJiYmJiYmJiYmIw6df21UgV4I19cTB1qZq7F5I2e7yB2f9KbM8d+RZZLSoQXlRfjkGyvVupXa9ace2o130A2jNZ4l9Mrp2jcMXG7/GeOeR1bz5mVaBikD1zHWRDgzAlTYgMwYXld7Ivm3Ntyg/qRhdWnYK2gKXDLbaUH6uyNyYLe9vSqzSefyI14pAYhqP8AIOI1iWC1NX+n49M4Pz9eMfSBmY/h/H82RqvHJqxAJn6Fgg+rExMTExMTEx9GJrmEYrro3rWlQDVieKeOVp7KEFlVHD2oo45sIG1qFhKKFtRuN4WLG57RqWbq5eiMGrLGn3ynV5bw2LaGcfnvxxVzEte7mEG5EaFMFSZk4IzApA+Z2JmCVsIFn6dGA4QngQK/CBhyCHMW8iecNByQqPbsD6iyEETyeym4V8EnYse1OpqfE5I7P0lRD8Edfyg4P9YDM19zMQq2jw/P0Zgggg+vExMTExMemJiYmI4/a8hXjoyPWWwN/aLe1v0fh+MueE6WnHGlQ8YO1fJouFdnlFllq1owJAxu2cHwZicf30VY5PiPHcO+xXsUK4amyqDkNgjb0xNZkCb5gZdJiGHbFd7JK+WkW8NLLYzitWOzfn0zMzWaQ15hQibCNUDMFYr9P8wnNJy3CPY+nJz/AEvx/S+IjDa3Vnb6RFggg/ix/A+ZYy/pVICKvbpoM/sDaWYS3iOUa5ByL+VVhrVNl/Ir8BS0WJapDFTuuSipiYyQpyrsr/qAyMVMNgySFNnI2Qjs9nHoZiazE+AWzOh6Y6x1kiCxlZ7C5P1K2IGEzOpgGakT8MuI3oG6rOaAfb6Af1j/AEcencJXPjMNL1t2zY+hYIIPrxMfRj0xMTExHHV3x8DLZTcPybS6Kv7KanjWstvGI049g341Ffkp5asz4xTx7GNYNLIhB9K2XKVeV3qAuuXx3Zm3WTPkD7cemJrCsxNcxhCPbNoDFh+cQrCJj6dYM+gPoGwRCMiyvA9BB6CHv+p+P6WJ1kmahal3sgu0Ft1fIlyKtnoIvyIIPqx649cTEx9GMyyvphgKmxrT3foqrLObQtSVMyILxZP1utdvLFlXH5ZoSu6l6rKKm4I4/j4FVf8A4/HLGsYrK8drbmtfjFmxSeyezjuYgg9cTEx6sI3XoID9BExNYYEJVeyQiBKXZRly3Hwg7hEBxM97R6/THoBPz/Lj11z9J/n1nUz6fEHyxLNXLECu4mZ8+giwQQQQTHpiY9MTHpj6MemIBGTYW1gTwb17HjJU6NXa7M+rXOVVHSgsE4r5fjtu4attyoq5LWccDdPGtHGy2H5R038ychhZxdfYiFooBH6MlWrYNjEH1YhHRjLmGCD6MQiYjCVMFTh0pcoQ133cp7ZQwRuLq/IKwj0DZLN7g0ea+vxD8/n+E+nx6YneM9Yz6fH8nXpn6mwTdU1UHUzk7inkcm79Q7rj6F+RBBBB9ePXExMTExMQCAR6Q0IdDRSul4zBtUfH4zxuGM3cR3eqh1r5FJrfl1+Vr6gtIR14n+MZf0Yc21BfIp/x3tVdBxOOGqfhNheJ4qqOCCisaR7eQxq1tLDPpn1Aj9x/aMFprF4mymtkI+h69QRDX7WT21Xtx0QlntChP0biilxW7VnB7DLCuDnsQGE+p+T6H+HPr19Px/Fjr+NrCyuytMQ/JOYfgjr0HyIIIIPoxMTExMTExMTExMQLNZj0tpzGfwtXzamip+os5de1vuWCEZltfs5B6NNLjmdcYFkr/wAfyzTZV+m5L11+OyyoNycaxRCoMIADqs5Fb1ltgx+SZnrMHfprkY1hVms0msT7KKKzRyP8RLaLKTFXZrDqbqW8Va4r8S2JdR4ZUu7WVO8u/a/xtfF24qDIeoMCCIcGEep7MEz23z6H+bPof4RF7P8AAPn6idjOseggggggg9AJiYmJiYmJj0xMTWazEx68mpXOp49tPJ3irrWDlZmNYAeQARyqFoHMb/xz8ULheCrfrFtYWUUgW5JIM2mY6FYbNo/FS5LeFYsKuGFRMCjRckKkxMTMKzEUlZxeUmiHK3Upel3+HTH6OyuUf48m/lq1tz8EeFOKFr5PCa60UGmz/HLmy3iJyZ+i8dIhbV7RLlIZj3n6MQDv8/x4/k+Ppz/D8T5hM/AGZiA4P0iLBBBBBAIBBMTE1msxMTEAgHpiYmJj0v8Av5f37atVymU+ZXqe3xVLf+2uGnJqJnOosNfIZLf8enEc0qhZuNxxVU9Ba6ykBw+J8zExMR02ArwBV1ZULAP8eQ3sqCppQOx6/Mal1mJiV3vUaf8AIgxLFf00gqxaRkn41xfr/wD6Na6WqdYO4LVrSt9xnaWL7T9HxMZJb+XPrifH04mMxcBvud10OpxM/SBn6kfArr3b8zMTSBdmmfURYsEEEEEAgEAmJiYmPTExAJj6ScSxtm5TZtJgMSyVXpbQo3rC+3TrmU5S1v2OMoPE43FWsAe4Rky1ikQNiZ9TMiA4mRjQ+QqjTk8Mh+0Kn0WuBAItLGHhgw8MiHgtqKGU0lhaG+kr3Zxz+pb/AJfhsx7C8S4ofJuHs1ljbv6fEAyWhGPXrH8JAwRFwJWrOx+WTA+jM+G2xYclifTH0q+sqq8juur/AED5b7vT8AkDH0CJFgggEAgEAmP5MzMzLbY76hjsx+Yp6V8Tjc8pKrUtE5P28/A43HGKq2BXEx6EZFqGV2dzGZ8SwEQWskJRhZXqgscPyLCJyq3ijupZWm7LUqTECiY9NRPGBNfrsrOze1gxLeivD7kPpmKuBnaEQxjkfj+H5n48harGQlhSUoGjtuWQeD1AJPpj0EH1bnVQvg+T6AfxiJFgEAgEAgExBBMTH8JMzLLdYxl1u7MYIPnMBgMrtZG4/wDkjLLFtH+Tw1GGo43DtYuD9LoCcY9cS2kWAcbC2M9aC1bVsUrXaFtTxe1eLhkrCQCYmP5bK9p49fUfKP2fu9RAf5wcRMFoCVKt7vk+oOITszqFaZ9T9X4ziHuGZmBr+MDx/WsriCKIogEAgExMfxH1ss1haXXliTPn0HoIDAYDFsKx7jaBafHTgovz9GfQfQVhj1HCOwbVTe655mMfzn0zCoP0L9359Pz8f08z8/EH8mPTHofqz6A+36llcQRRFEAgEH8pOJZbmWOEFnIZ4T6qPqBgMzFYicPk4Tj3+b6cTEx9JE2zNBNT5/8A+3/t/M7ds4iGD/QDr+DMxmEEHMz9H4/kA6UGVRBFEAgEA9MemP4CcR+RiPbLOUqyy1rCWnz6AfXn0zAZTbqeGVyv8hEH3Znj/d/7emf5Hq2lu6mqzKr9efUf1B3/ABiH5MHy/bW1Go/wYz9dTFVrUZRYqwCAfxk4jXxrMyzlqptuNpJmfUfyAzj36Nx7/Iuf4T6kGeTBmfqz/ERHq7yV/i/P8R/iH8f4Pqzbk/zVr7aa2c0p0qxVgH8T2Ksbkx7JZzEEstawloT9GP48zPoGnGv1am5bP48ejLsMMo3GAfpxMfxYjV5+s9n/AEZ9QcNjLONW+rP0qu0WvDUHWVJFWATH1EgQ3oIeRHvMs5Vay3mkxnZptM5+gD+hmAzi8jDV2Bh9GZn6yMwquMdd/Rj+v+f9Jt7D6fj6x86dcbNRT94qmIBB6ZE8iCHkLDyY3IMfl1iPzo3LtaNYTNoT9OP5c/TmZlb4PFt7U+vz/p/z/ps/wUpsz/uXNxTx7Es8sRAqixRP1Ah5BjciNzUEP+QMPOtMbk2GGzM2mx+vH9XMBlFs49m9f+pP+rx9FP8Ax/4ykNbZb5LwdAbMQ8xBDzLDGusM2m0z/Fj+rn1zEbB4t+Ih6+rP9PHq4JlrNWf4j/q/z6BSZ8Dj8rwihkrj8p2JcmZmT/FiYmJ+f7GYDOPZicW3ZAf6G2DtM/xE4jhH/jP+sAycIsHktJpWuEj+HExMTH1Y/tZiPicPk4NbbD+YwifmZmf4GIljgD+L8f6n8eigQ3nXEz/rdpXbqeDzBhW2H19zP1EZmsx/CY/y5x/H+P8A53Mov1fg8mBs/TmZmf4MzP1Y+hxG+7+L8f6jHpj/AGZmcHiXzj2h0+vEH8m0zMzMzC/dmuf4vx/pxMf7Uwzjtiz/AB9p3Q/xZ/iI+j5nI3WPYf4/x/p8f7dvhThuM+tqGZ+k/cx9M+uf5MQiWceuwfxH/S4gGZj/AHBn5qPtoO1WfpMZgJsMeufozMzMz9bL/oT/ADCa/wC6MPzScpxDnjL9v0lQ0KlILOq3LL6/j0xDmbRTMz4mw9DCf4z/AKHHoF/3hjTjfb/j2zQnwPpPo1XYBEHpn0zMzPoRPiCfMwJ2Jn+P8n5/0AH++MaUDFf+OX9odTM2m4m0zB6kTOPo29Mev4xmfAXMzD/GPn8/0xD/AA49AP8A4D8VjCcFccVO46mban7opb1zPmYnUxM+uuPXMz9Of4x/fH1/MK4H+5UZYSga0r8fk4MNeDHOJ5wArB1x66zUzBmDCf4Mfyfj+6B/Dn/dUjN1a5uHx+J+YZbiW/bxvsX4mfox64nxN5n1z/J+P7QHoB/8Jxh7+Gu3KHz9Blp75B6459i/RmZmZn0z6H0zMzaZmfoP1H+ofrwYOv8A4Xj/AGcBO1PeZkTHpiXfdyjKj+0p9ues5GSJnM+Jn6sTHrj+M/2hM/8Aw3HPXAPSNAR6ZgPpb93ObErt/YrOUDwMJ1Csz6EmZMzMzPpn6M/wj+0P/iKPnhH3K0zA8Bz6Zlh93+QMz/4PActQMGYncDmbCa5nYmQZoIRPtVTmbd5nx9f4/rD6sf7jGZ4WnhaFSP5qPv4f/KonzMQZzjs/Dg7c45J/9H/H/wDrp6ZnxB85m0ODCkyRMAz4mxmW9Npn6R8ehh6H9I/WP9tXVtFSLx4tFMPEraX/AOLzLuNZT/JR9/E/51yDM+gEb4uUicz7j/6nA/8AVXoZJmQJ2xxMTWY9cemJrmfEPoUmPX8Y9Pyfn/46qvaHqVL4w16g/rCJX/kSsp5dd0ZVsXlf4/UEYP8ADR/ycb/nQ4nzCsKzJED9sFec3ghhapXjcD/1h9pyICJmYh2mSJt659S3pmE+us1mPT8j5/pH6x/ta03JxWtKe2+6Ewt6K5U8TnMCGFq8vjggjH8NP/Jxm/fBnWM+nUtGq7xWzLuOjrSjUJXYIxz6B/TP0ZmR6AzojXrud/SfUf8Ax9a6JSu78m3UfEJz9AODxr9WsGw5VelnrpMCeNvWn76OrlOT+NjNptLrPZZdiniX71L7lZJqBMQz4me8zbE39MwGDabHO+IGzPiH6TD/AExD/vKEzGzY9oHG4pJYsfqpPdF2yWqLK2HoBFXJRJYollRT0p+/jf8AOD7hNYUENcvBFfKJ8HH5DIOLfsn3CxPTabTqY9D1MzaFsTYzdRPmYMywm5/g/H9gfP8As1GT1WnFrwvKbzW3qEpx9Vf30HFv/Zxh1WBcwVkA6zyES23dCJR9/F7vXAI+fmdibTkH2cz/AINtRw79UotyPkOkx6GZ1CNmZyWIyRBMTWd4DETafP0Z+g/H84h/gH+046TBuuvt8Kg4h90s9z+JjGQr9C/cp95++4fv6ypRWhzbMrUG5DH14/3cMfvAd/Hp5PTkfZzf+B/tTrj8O0mqt9oRmOvZWfEPczMzbIIhGZ8DM+YVA9CczPpn6T/tM/2BB7K+IuK7n8l7H2r9labMo2Y8RfHyONhSPRfuX7j9zr+8g97HY2WBFZtjn1484P8AyA9z59M4l59vMP7D/an/AK/F/wDVoeAxhmMCpzM+nxPzn0/O82m0zD36H1Hqf/jB8t9h6oWH4T/io+zhj9xvtf7H9E+9P+Q/8h/9mse4fLElz9FE4P3L8z8RvnkTm/8AE/wn/Dxf+CqVGfh/hofU/QB65OZ//8QAMhEAAgIBAwQBAwMEAgIDAQAAAQIAAxESITEEEBMiQSAyUSMwQAUUQmEkM1JxNENQof/aAAgBAhEBPwE9Tpq2nSJZdmEkvLh+ntzBnTkxc42iOUXxy5c/dEK5wJxOY+m2rB5Erzp3lJycS9hXbgGeIWfqGdPZWg2nWv5bZWuJn9LETNq78wjErOITLEzuIrZhjV75mnAgTEAnIxKlxGmuHOJTXrllRT6FYEzGYRqOJp8Z5liELqgf8y20vsJ4szwqN4H08Rj+5n6a61dN50LL7ARUYWE4mvShHzFDPVk8xLMjaKQNzL2NgyImx2gVWXJ5hsHETmKATvAW1kS5dwxgc6NM2X4li++Yu0XiXN+iGWJYOoXPzKz7FTMGERAFOY5BgxnENUCbZgXPE+3aA7xl2gQYzGwZSwXiDFgxLV0mVex3j0bQItfMV9X2xtWqMMkYEscYxNbfdPIzDeDbeLljCCIB+2Mk4mn33nppgwYZmCsCqdNbXXZOt3uLjidNixsyq1QSrQnS/EUZMPGmMET7eY53laAneaSDBnMuUBdcBysFQ05hWV0+SOgSJjBEVSy4iLoORDpzqEss9YvsuZmOSNxLHJIZRFucjeLWx3PEUqo2E1MeBEDOeIRtgwcwt7YgBRoLmT7Yzu+5gOk5lbB+Zcqyu1azjEJwciGx9PMDMeJ4zwZSi6faUDW2GG0J0H1jNn9vIEq3OZaAxg5xGTEGBzNY/EZ2b5n9uznMSoODW0VRUD+RBpzqlv6gi+qwJ6ajKjqEuIENiImRK9ViYgO+ICrAq0wiLpMqJYYlj+MSqy0HMK695svMstwm0qOY76DLKtB3+ZT0+2fiXAJZkTGtdQlf3GIsrP8AiZjS0PsdKx9NAjPrOFmHAiuxmsmFDzAm0FRxBn4iEsN4tYMvQiKhbeeIsNSwZPAlNTDciWq+vHxDpTmZB4/bcsdliAryYoENDH7Z/bE8z+3miKAu8a12BI2nT9Q+cxg/k1PFpLDVPjEK4XEZ/Xxys+MaYwGd4RnaJsuRKgBuYqneBfJsYF0S/OoRYh3jqPuM05P+oojJk7wLrHjnl0DQZn3iWColTFC6siKk0wHP3RsjdZYNe5MpXDbRwzHaVqyQQqOZgk7RqHxvAqKIX9thK9WYV/JlhA2EqZa1xG6hVGVn9wXIMddazAOzQBRGI+P2WbEZyozKTqO8H4WeSziDXNRxNRhbHbxqDtLQjJB1IVdENgPAjspXJMVN8wjtyJSP/KWjH/qZJigrG3lgJ3i8drWBTTP9QL+JkacmDUTqlihvcTIhr1bwDSJW2IrgwDt4fXM8gRcQHEBhEa0E4isqRyzcwFmfE0EcQep9o+NOZZsMiAZmlMysgTy/iOO+e5MVWYZgzmFSIWgGd49nxiVqFGSsssHPERUb2zF0fmWIc8w0WniaxzieQGbdihLRRtMAjEX1+JZbkYErJPMBhORkQ6mEICcQEGaoYNOIgzHPtDuYpm+ZbgCV/wD8MFehoGwuAJj1wYFAnMLaZrMVjbtL2VSAI9hYZlVmYDPGM6hLryvEsuslC6o9qI2MzazmW2qEwJVcCpBlbKjYjBdeTNS4nkUCeTMZ8QuSYo/MUqY2PiKureW3b4WKgxraNbniNWziKNKYEFjhuJZZY22JaGxuIucYgQw6+FgF/wCZ4jjM0gxkBOI9e2Iq6hEQvxPmA668QF9WJoJG3M6fLR/TaWDQY7jOBFWY7CLs0OWbImyiCcwIIqkKREY2V/7E8j8RbRpmSOxAaDc6Z9gxGUHmaBFrxxArjeeYATIZsmBVI5mrHENYO5muw/aIOnsO9h2ldVKzXUBgRsmKIB8zQIa/zFxwY+M7TO20RCeZt8TUSdo9jY3lbBjFEstIbCwk6smG1viHyHGY/qcQucbCVjG5muG3bEewJuIHBGVEDb5gs/V9YbSDlZoI/UMU43ln3wPphGV1rGYlo6lxFwphYt8TO+8baY2zEbVvMcmeT/ERR65MYfMB3DRn/ENhrfXHUE5HBn2HEO4nHavDHVC7Zmr8wWKTiLPM2cATDE7w1/6iqijeHHxHIU4MqavO5llytsJWwPMdUTcCKVzvLNCbCayRHyq5ldRsXU0NqA4UTyEw5WKpJzLSyGFjqyI9LcmIv4gyNjNC8mEH4iyy0/mG86swPa3EOVwJqMxCy4gxDZhdpSbNeSJYSW2gUsumDKjTLfiFlXmGz09ZpLkNLLCU2EXDbzWTsIVJM/w3lYyICMELM/paYFsDbiGsmrIjamhVsYlR9cS3NnqJTqNRT5EWvO7RF2mMHJlpJOkRR40xMRTiLpBlpyvrK20jPzLG07xXyJkt8RK9W8uxwZTRjciEZ4gUCOS0NbK4aInk5Ee5a/VRCzHdoh8leIFUcTUirNWqB8Sy7PAi2aOYGst5iUqo3g0asmEsT6xqrSMCJ0zj7mjVpPGofMUsdlEFbf5QuYxJhGYw2gEPGIBgZlZXmFmZjvNPtvGTUYB+niAACDEVVBjjfVFxLBqIxK9IgBDtma/QEQDIyZX1G2IHcuYTqGJS2WIMFQO8IVDqUwgatUutAX1j9Q7LmdMMjW88mTxNQjWBYuHGRFCAYgRBAcneZ22n9y1b6SZT1LKMkRD5eoBMtABwJgQTUMw6GEqsb7ZZUEfLSvDexnKFhKQGXM0Y5gxCsrVVGXMWyp3yFiZZsxj8QFA2I9uOIbGjPNDEZYws/wARbblxgQ+T7nmWisW5gGmGGARhpWBCvM8YikV7Gecr8Qs7DPcRyTtiIuE9opGJgg5EFJOSYoIXTMRPXaEgbiWMBvGQuwcStEFekmWD8TcbGa8rgyxv8FEzpQCCxBzDaM7CEK0VWXaW06RNgN5qGnaDKnM6ikXHUIuFTDSpgBnEqsNzajHwImltjClavpzAaajGG2QZ1R22lNZVcxltb1+IlS1JGKv8Q+p2nsZ47PxK6rBzgTypnAlliod5X7tqjIpj1gbzQJ4S8SrRBY6jAhvyuGi2tjiKMiYyMQJtiLSmcsYzqv2RbXMs8jPloxzFGW3mFBxPLpGBKKxY2WMbAbExiJjVky+7V8RmWKUNWUjWnE8wxFNjtmcczy4GIE1mLWRNWg7y06YQHG0UMDgyiv8A+wwsXbPbSCN4iqIzKZ5GJ0mBdW0VQPWaFPMcaH5lgyOZWwbGZU+PsEsVtW5i1YbIj0hzkcwrqsw0CELzCcYIhus+BHstsMShjGqfgbRKtfrqiN4xpzOt6zbSDvD1Ftlf+5TRYg1nmLXqPtB6xrAozGt+IisRMlYSSYAY/rN4B64iEKu883+o1m+IgHzANO8swTmH/UKxWGd4x3iHEVUxmMpaadPM1hYre/EV8HA4jgfEBxNW2ITiZikCOy4yJYf8ptcmJnAwI6HEWkrXFT8djuJW+Np7ZzDZqtCiKmiMRX7mC8O2qCzykrGxneYTO0PU109P68xLWZtTCHqsrxE6gngxRqbVmfGIBiMGJzmV1/CxS67R7bOTFvVRkwPmzMtpHk1RUXmYwuIrpXHsZjDVaUziIrG7GJazVHAmHY5MAhLHgxxvkzKy4qHws0N8zEwIAGEJGnEM0DmbzUdWMRsfMR104mY5flYrP+ZYx/EQHTnE2PExp2aY7E45lLF33gXLYEavBjUkriVDRH3baWYwMTyemILRxmFtoDMb5gKMdJngrVsx7wvBlzPbKxo2lRVTqnUFHGtYn3bSqldOWj2onAnnNhwBFqE0gQQ9k9RkR/IH5lp0JuMwWKVwRGtIXSBG9hljKrkA2GZbfa+2INQ5hZsZnnusbGZVXbR+o8LM7ammtVSEhRkxuoJ2WKrtzNE0/Jl1lhGIhbT7TyCIpxtLUOImR90YEfEZ/jEC49o6zTiZyIcYmnEUyy7C4E1aRkxwGGuJ78RlxLPbaUoFEHtxDGc9hDGGd4EEFauMGPjRpEy4G8qVicy9HsHMr6eY08zSzHMQhRPEgTM16DhZbfYRBWbDvFr0bReIWimY7NZkcT7nzL7Lnp0rEuSmgatzOq6triNAiqGG8K42WL07Y1EwexxGsUbESvptP6jbCdZaLVCgyuv1nTqmd5c7WOV+JVRgTAE2iXNZsYXYMRLKz4xZnaVKDLsImJfbgcxRa6+sZuoVMQowfLGZJEyYR+ZzAdMBZjtE8mTmNmFc8ytBwYoCNgSwAtqmkdqfVoE3MPZVzHapRFIMEAzxPEYa/wAzdRmCsuZmupdML55lTENvxLWY8R90xBSxhys0spzmaXO8XeNjgRVzBS8NMK4hEztiKPgzRWvMZ9OyiU1eT7oyoNgY1uhsAyt9VnE/qN5ceNZXVhQDMADeatP2xMA5nmaMbWgp/MBiBQ2ow5KlBxMigAZl9z27AwdLndpUV8WmNZiW2qBkSuzWNoh9TASeYg1mEESp/GZ1FwD5gcN2WFf8sxgMZEBmIqnmeUg4nAzAPmFkAleHbEs8FCe0W0PxEfTLH21R73s4nSJlP1JZpXOmV5sM9VHtGsGMLPIQJ5AwxKdhnMG8Cp906m9iuF4iXMpmskxbSDHuciCwDmPcM7QajuZj1zAVnofiOF2OYrKpyDHZmbaKpzmDM8YLamjkE+sJxzCpzkxVGZbpEXsXGduy3Fm0ieEL98Fqo2ICCJkfENanmf26A7RaQvEQY2hAI/3K9Ke0tvZj6yhLG3Msp9otcCfmGrB3j4+IZoBPM1AbCe1kwAIAWOJgL6TBHMWeEEbxRphXI1TTFXHEdmbaYzETTxHGozSBNBirpszHVSYKfnMb04l2XHqJWuB2ABMNa42M8S5nUaFYaRFxCw4MrrGnUY1pHEcloRk4jIlIzFfO85OlYenUDLGKUAwDLLlX7ZqtaDKLATqyYg1Q6RMVYzBamcCDC7gRrdfMWhGOox/Go2gXUMiHcYijECgcw77AxVwIVy0NQxkRPTaWBpVqzvHszsJcXYStnlfsfaW2ENhZSrM2TE2jMsNwxtKzk5M6k/iVhKVy0PUM32iaGzkzIxNuZqg1QTI75lmcbQBsZlhIG00vjOZWDBEqZ+Z4RxmYVAd4UYtnM8cRCY1dY3Jll1eNKGP0qqgdzPVhhY3oNoUe0YLSurTgEwYB2lzPY2IKwBBWvxFqMatsQUNDlNptKxWEwZXUitmM3tgSxtLcQ2Y5j2jO0V9PMut1DKRLQ4gUk4hUqINbGaW+JXXhfeMgIxFCgbmGwhsZms6oTtGB1ahC2qCovtGp8JyDNWv7Y/TY+YFE0GLX+Y2k8zX+JgmBVTmMSxgUAZM1auIdoGJjHCyqstvLXWv7ZrPJgY4xAcrNX5iWJ+JnD8RLHJxLfIp2l1LOOZ03TeunM8dVY3MN1H+MsdXbSJV04HzOo9hpjGxV2lRtLZla2G734l91SbLzK77HOMS7VnSJX0507wYBljn4i+Vtsw6lPMbW3J7e/MqqY7macOGnVX6t5S3llrH/AKwImsrgiWVsF9YtYTedP+qNpdYqnGqJcSuBKrjn2jOTCTiEnG8GGMrAMttxGuZzpEpTScGIcNLbBmUP4bN+DLGzBnkQdSeDFd3M2ir+ZqE+YvMs3gPwJZktgTw45mlQI1uFwJjMSrJ3hZRsICTFCrnMQ/6jLrEVnrPpL+pYKMLvKDY53EsUViH2HMqXbEsqXOZ4h44qENmyeUEYI2jdXWmwEruN2/EVk/8Ac0YTWxxFerGROo6wYxKuoPwkZ3z7RrdI9RKkazdoNJ2mBB07suQ0+1fuh3G0NaBcEyjRWMmXWeQ61nktL6cw12hMQ12gcRTbwBG6VFXLwW1ptDXYXyJZnTkw3Ow9BErtxlpqdV4guymQIHV+RLGrB22gYWbiErWv+5SDadxLWIG0qs1/GYyPp/Ec/qbROIMLGaLG5mY0SARmyZnaGIN5Y+0VcpPUVxG1LBqxNemN1DAbSrU3sxgfTuJafMMiJWBPVZaRiVE6eZoP3GG9yNOJXWf8oqKOZddjasSzU25MFRO08CiVfpiMr2btCQNlE1nTpEDpSmcT+4J+Jix/RYvTrX9xlj01nmW+Px6hK8Od4yVpV6QLqeM7MZkwOwM6jq98GUKCNbLLb8zzvYcJCHQ+01q+3EYjMEFO+sTqK1cf7lNVWnLbQog+0zDV+0sOsSoeLef1HqD48rOmBO5g2E5MI3nEY5mYYNpnaHbvnEbeJ9sMQ4OIRDsZpyYRjaGuINHEZm+IjFtsS/LevEoWtdiZ5UzpE8lafdB1Xks9RtGy00xsYxPaHYT2MyYKXduZoC7JDWG2cwCpRidMdSFgJ1PUXMxVZV0pzrsOZ9/Tkt8Sk6hsIz4GIgOr1nhby5aMgXcTJJ2MNT51TzWEaZYlrHDToafGTtLBnIgYq+mE6t5Uyg7xr8+olubJoGMQ14ly6k05lFelIXJ4jozD2la4jRfrEO0+e3zDtM7Yh4g5hb4j7yoBTqMvcmz1gBmnsthXif262Pl43grOkR7V4QSuhWTNghVOFGJ5KK9jOmxfZjG0trqqnVXMV2EQlhBU7CBUTmK+eBLLNpuZpMo/TltZ/ucwLmaviU1Hx6QIy4M6TQDqeN1SNkiM5ffEqGRkQEsJq8TZMGu14jGt95dhdxNJsORCa1XeeRc4leQ2qWKCNS9rbFQZaWvrAKz1SsBZXW5TMNntoMEPYwfUYBPiCHmcxuxmcxR8TxqNzFz8TNnAioq72GNdVqwohxCiONuZWhTcSyy3VzHew8SlBqzZG62qgaUXePbde0HRsdmldFdKe5l/VNZ6VTSUG8D52jEniVhjyYcwOCJkvbkwoqrnMFasNoLhXVozHO+rMtvzXhJ0gQHTZOpCjZZ5Ai5MWwNxC6/MR8YwJfpXdoesTGkCfqPsNonTtn2jpvE3EVivE6jOklJUvkHvOlIGVImkD2Y7Q9Unj0pEJazMH74mMz/XYRBGxjs7Iu8TN/2xOn35ngrG7GeZK2wgj2nmUIHfLcTwgjaMtYXaLpYwFE4m5PMscFYH8S5AmtrN8Stc8x3GdKwFwISYiKnqYbEQ7CEuV4mhxGXRBSSJ4CTESocidXdjGJ4HvOTxEo0LtE6ccx/Fj1nUKWsw0r6fVxAo14ljaWxGTIyJXuIATGExXyJUtbe0sxYNMrqA9ZZVoswI2F2/fEzB2ETmEQtqOhYOjYfdBrrXAEfzniM2E/3Gd23EGSMTpq995awVMTya9hKqCp3hWuvkzy54hNpOBD09+NzKg5GnMts0nSsVG5lj4GIuoiMzMcqJXlPZobLnbefqDiVglv1DDqBxNU8hWWvn4i2IiRr1PE9tO0Gcx+n8uN5Wni5l/qwYTqLFZhEIU7whWb0gTDaTGwDifbxFsImN8xWKnInVWNnIlQY7tF/hjiOxIzEfQcgS7qHO4n/Is+ZUGHMTVY+BDVpXVAc8RQwbKx6L7TvK+ldRvtLfGPmehPENn/iJ5DCDYN4uKlwsrpblp1FyrtK1VvYzz1jbErcjieWzjEDMFyRLOsU+ogT11Gf6M06TA1KJloeoJ2UQeQzRCD+YRg5nk3ldb2/MdT9pjUjOqeMNNIQjE6k+0CGV1n5niXVuZkZxA9YGWj3VcYlTZg/gHuDtFVmGBDXvNIxBo0/7iAWbgwV6F1GEAnEC6RgRCRvGtbGYD1F0Xp7de8erRHcLEZmbAEuda9pQHsOSNpZYRtK+lP32RGGdhCD/AOMW1ScATyDM023bROlrrGTFIOxjnBxA5zNA+YqCECFlgMxMZWdO+g4aWjB723hdhNJYhmjrmvaBfXmBd8zqQR7CIzEAiWISMxHBOIOYelYJr/hcLvEd12ERbEcsZofOuJSWXVF0qczqKbLd8es0NwIKzpxiKoH3xrBwBBYtUd3JypgZzuYMk6mhux9sLZOozLvssXp2HMs+3GZTUeTGK5mjBnTUqx1GPYATiB85DTOFlbF4RiavgSy3QITZZEr08zbO03mfiKFlbavRp1DCg4aC/wAmyiLWNWTBVrXMwQuIiT2qbjaOm2YGK8R3Xx5lGSxMEqPkp0mEFbP4AhR32EOhF9uZ/c1rLOqLLoxFZ2rCymvxvmW9QR6RtcFyYxmWYXeNcInUq3qBmWNgcSo+mTLbxjAnT0s4yZX09aDLR+pH+Ankd4qH5h1HiaDKhg7yuwpkS1tIyYQ1rZEtXNeBKadI3jQbQ+3MZlqrgLWRVCiEnMMXeY/ENPlOXjNjYLF0NzMlDiaCTkmC0rsJ5WfaGwjmHS4ysoL2K1ZlNegQCUPjaWrlpjH79VbNxHd1EY3XNmCvVvjeWiwD1xEPUuMmOzjmeU6gZbaucEx3Ss5xPK1p3G0arU+wlZ8S+kCWE6mgUxahqyZZYq+qRzay4lNDH5h8dXzFsZm4l12mf3IhbAlb/py8vacSldMfIaNkxcmAEdnGvmcCcjMfaCMcRHgshLvxADmXDXgCeNhvK11mOVDYE8asdzNOltp4tJ1LF7A4g3jn2/f6NMKWlx1bSq1a0xpi9Rp4Ea/3yZd1F9x01wVqlW/MexU5M86E7DM0eVstFTEVYcZxGIU4mSZiEpSmfmZe05MVZVSM5j2LUYC1k8cuqrG5aJ7J6wJMY76cb9xFGTGzGXMYhY1obYROJiLCvvEjbbypxpJmckmIdoxbiKGxAO6tgQ8w/u0prfE6i0VJoWB2ByZ5GPxKWJ5lhXXmC1UPqIbHeXU69zErwJWNBzHcDeC1m4lYYHeePJyZkCGz8QDXzD405jXu2yCBbDzPAMzONh28Gs6rDKm9tHxGXSMRmXiEaOe/PeoqN2l/U5bCQeQ8mCnPMSoCeo7fbzMgzdDGBc7xRplm0XsDB9Hz2P7lCYGqWnLZjZ5iDIgSELC6rPKTxNzNDTEJEAiqDGVRyYPCOZhPiCgYzmFagdzDcvFYiaicmOxJwsARN2M8qfiNa2fWPUVrnS9SL00tyJcPHbvLNVhEQn574mO2BAs2mdoBGtRY7m1sLKaflpYVhYASuzWJzOZo2nHczMHY/tqMxDp2aWmvOxhX5iPjiM7niYeePHMAgODHZ3+0RqbEO45jdO6jJEoqYnJllek+sHSqfZoAv4ljOTgCWoz8mVUAQELtPIqwOzQLvMQ6QeJZZr2Mrrau0mW1ebcxEwfp2mYBD21Yh1PBUJ02A2Ja2DiZzG4nTQAiU5+YxJj8Stsjsew7H9sbRhrhCqN548iU06IbUQbCeQ/iMC28wcRVycT06ZP9y+9yYGscexmt1G0B0jLw2jGRKybGlh0zBJg2jLmBBCgEwBMzY7x8ZxNLARQ34/YG03hzAvcbTSLX1NHAztDgcygjy4EZprIgbVvNWTiI2Gx2PYdz+yJqMUkQjP3TGOx7A/E8VgG8WvS+cy+3WMj4ltzH7ZUr/wCcO+wi6fkw634lPqNhLDg7wW4i3gw2ZmqO2F3nTlrFnERgJecNmHI/9Gf3njs0S3IGqAq6+pi/uhRpzL9tpQNJ3h3GR2ziZLWzRk5g7juw/YAh+iw4OJ/7jYErdQMESi6pM5EtuNnbqCypkSrGnaY/MxErB5jFKhPIxHqYTY0rpd2n9uwbiOumGq6wesp6UHAslgFBwvEDZ4hTRGBMX7cGeIm7XLbA9MqOizEcD7lgb8/scfQhyumP/uE7wGHM1ziyL9A7mY74mOwHcQ7T5j41TMIyJWh+JrQbad5ozztLH0HEtR7Rj4lfTrTXzFIbcdlMuQufYzpiqHSY/rxB1en1Es6n5Ji2G+zEpKqNMfb2Efy9RsYtTgYzK6nb2cy70+2JbrGRE35gcKY1f6mYI65g7DufqG0f3EC/MHdlBEXYQdx9GOwEAhWaZjAmey4jJniCpo1IzkwrUN55VzgQH8SwL49fzEu8kI1fdEKAby+1iNM6cFuI1QMNtFI/JjX+TcCb/E0s4idGqnUZb09WYnTYHrGXHMJmsaduYrkjM2enIl3UrXjMOE9llbhxkQ9gcw/Vjse474+kCDuv04g+h/tlK55h2OOwXfOIWZvtE1u/oIDYwOTEpAr3lbf4mI6f5Qeth22lXiKQpVp1ZjWeVpUdA4hOozSplekTAhuYNhVlrWKuSsrfUdxFtwuJfZoXMW2x1lKtj2mZRZozmWUmx9RlIXho1fhuwOOwmwm37Y/YGy5jOfibwRfpx3Pfy6W0TyjVC+NsQHNWBzFK1gkzpr8Wky8ojlwIL3uWJRr9jKkQPvOoyh0KJUjB8PxOoCgmuV0EGY/M1D4m3wJmajPNplvW+u5nT2MxOZjMavUN4lQWETRmYzDxgxZ1B1YMEz+2f2QI24xFpIXun1474lo/V3i/dLUcnIXaV4KZnWhfBkczyBejGjmdOrOvvKmBswBLHAGBK61KeQw3eVsCCsxqxneDaGACHYdsw8TQDAoHHdZgzBn2xuJxMTOP', 1);

--
-- Chỉ mục cho các bảng đã đổ
--

--
-- Chỉ mục cho bảng `categories`
--
ALTER TABLE `categories`
  ADD PRIMARY KEY (`id`);

--
-- Chỉ mục cho bảng `comments`
--
ALTER TABLE `comments`
  ADD PRIMARY KEY (`id`),
  ADD KEY `comments_ibfk_2` (`product_id`);

--
-- Chỉ mục cho bảng `comment_replies`
--
ALTER TABLE `comment_replies`
  ADD PRIMARY KEY (`id`),
  ADD KEY `fk_constraint` (`comment_id`),
  ADD KEY `fk_user` (`user_id`);

--
-- Chỉ mục cho bảng `configuration`
--
ALTER TABLE `configuration`
  ADD PRIMARY KEY (`id`),
  ADD KEY `configuration_ibfk_1` (`product_id`);

--
-- Chỉ mục cho bảng `orders`
--
ALTER TABLE `orders`
  ADD PRIMARY KEY (`id`),
  ADD KEY `fk_user_order` (`user_id`);

--
-- Chỉ mục cho bảng `order_detail`
--
ALTER TABLE `order_detail`
  ADD PRIMARY KEY (`id`),
  ADD KEY `product_id` (`product_id`),
  ADD KEY `order_detail_ibfk_3` (`order_id`);

--
-- Chỉ mục cho bảng `products`
--
ALTER TABLE `products`
  ADD PRIMARY KEY (`id`),
  ADD KEY `category_id` (`category_id`);

--
-- Chỉ mục cho bảng `sliders`
--
ALTER TABLE `sliders`
  ADD PRIMARY KEY (`id`);

--
-- Chỉ mục cho bảng `users`
--
ALTER TABLE `users`
  ADD PRIMARY KEY (`id`);

--
-- AUTO_INCREMENT cho các bảng đã đổ
--

--
-- AUTO_INCREMENT cho bảng `comments`
--
ALTER TABLE `comments`
  MODIFY `id` int(11) NOT NULL AUTO_INCREMENT, AUTO_INCREMENT=74;

--
-- AUTO_INCREMENT cho bảng `comment_replies`
--
ALTER TABLE `comment_replies`
  MODIFY `id` int(11) NOT NULL AUTO_INCREMENT, AUTO_INCREMENT=23;

--
-- AUTO_INCREMENT cho bảng `configuration`
--
ALTER TABLE `configuration`
  MODIFY `id` int(11) NOT NULL AUTO_INCREMENT, AUTO_INCREMENT=32;

--
-- AUTO_INCREMENT cho bảng `orders`
--
ALTER TABLE `orders`
  MODIFY `id` int(10) NOT NULL AUTO_INCREMENT, AUTO_INCREMENT=162;

--
-- AUTO_INCREMENT cho bảng `order_detail`
--
ALTER TABLE `order_detail`
  MODIFY `id` int(255) NOT NULL AUTO_INCREMENT, AUTO_INCREMENT=169;

--
-- AUTO_INCREMENT cho bảng `sliders`
--
ALTER TABLE `sliders`
  MODIFY `id` int(11) NOT NULL AUTO_INCREMENT, AUTO_INCREMENT=13;

--
-- Các ràng buộc cho các bảng đã đổ
--

--
-- Các ràng buộc cho bảng `comments`
--
ALTER TABLE `comments`
  ADD CONSTRAINT `comments_ibfk_2` FOREIGN KEY (`product_id`) REFERENCES `products` (`id`) ON DELETE CASCADE ON UPDATE CASCADE;

--
-- Các ràng buộc cho bảng `comment_replies`
--
ALTER TABLE `comment_replies`
  ADD CONSTRAINT `fk_constraint` FOREIGN KEY (`comment_id`) REFERENCES `comments` (`id`) ON DELETE CASCADE ON UPDATE CASCADE,
  ADD CONSTRAINT `fk_user` FOREIGN KEY (`user_id`) REFERENCES `users` (`id`) ON DELETE CASCADE ON UPDATE CASCADE;

--
-- Các ràng buộc cho bảng `configuration`
--
ALTER TABLE `configuration`
  ADD CONSTRAINT `configuration_ibfk_1` FOREIGN KEY (`product_id`) REFERENCES `products` (`id`) ON DELETE CASCADE ON UPDATE CASCADE;

--
-- Các ràng buộc cho bảng `orders`
--
ALTER TABLE `orders`
  ADD CONSTRAINT `fk_user_order` FOREIGN KEY (`user_id`) REFERENCES `users` (`id`);

--
-- Các ràng buộc cho bảng `order_detail`
--
ALTER TABLE `order_detail`
  ADD CONSTRAINT `order_detail_ibfk_2` FOREIGN KEY (`product_id`) REFERENCES `products` (`id`),
  ADD CONSTRAINT `order_detail_ibfk_3` FOREIGN KEY (`order_id`) REFERENCES `orders` (`id`) ON DELETE CASCADE ON UPDATE CASCADE;

--
-- Các ràng buộc cho bảng `products`
--
ALTER TABLE `products`
  ADD CONSTRAINT `products_ibfk_1` FOREIGN KEY (`category_id`) REFERENCES `categories` (`id`);
COMMIT;

/*!40101 SET CHARACTER_SET_CLIENT=@OLD_CHARACTER_SET_CLIENT */;
/*!40101 SET CHARACTER_SET_RESULTS=@OLD_CHARACTER_SET_RESULTS */;
/*!40101 SET COLLATION_CONNECTION=@OLD_COLLATION_CONNECTION */;
